Data;Mês;Equipamento;Minutos;Origem
2026-03-30;março;MESPACK A;1320;padrão (sem PDF)
2026-03-30;março;MESPACK B;1320;padrão (sem PDF)
2026-03-30;março;MESPACK C;1320;padrão (sem PDF)
2026-03-30;março;MESPACK D;1320;padrão (sem PDF)
2026-03-30;março;MESPACK E;1320;padrão (sem PDF)
2026-03-30;março;MESPACK F;1320;padrão (sem PDF)
2026-03-30;março;MESPACK R1;1320;padrão (sem PDF)
2026-03-30;março;MESPACK R2;1320;padrão (sem PDF)
2026-03-30;março;ENCHEDEIRA TOP DOWN;1320;padrão (sem PDF)
2026-03-30;março;ENCHEDEIRA COPO/LATA;1320;padrão (sem PDF)
2026-03-30;março;60L1;1320;padrão (sem PDF)
2026-03-30;março;60L2;1320;padrão (sem PDF)
2026-03-30;março;CONDOR;1320;padrão (sem PDF)
2026-03-30;março;ENCAIXOTAMENTO VEGETAIS;1320;padrão (sem PDF)
2026-03-31;março;MESPACK A;1320;padrão (sem PDF)
2026-03-31;março;MESPACK B;1320;padrão (sem PDF)
2026-03-31;março;MESPACK C;1320;padrão (sem PDF)
2026-03-31;março;MESPACK D;1320;padrão (sem PDF)
2026-03-31;março;MESPACK E;1320;padrão (sem PDF)
2026-03-31;março;MESPACK F;1320;padrão (sem PDF)
2026-03-31;março;MESPACK R1;1320;padrão (sem PDF)
2026-03-31;março;MESPACK R2;1320;padrão (sem PDF)
2026-03-31;março;ENCHEDEIRA TOP DOWN;1320;padrão (sem PDF)
2026-03-31;março;ENCHEDEIRA COPO/LATA;1320;padrão (sem PDF)
2026-03-31;março;60L1;1320;padrão (sem PDF)
2026-03-31;março;60L2;1320;padrão (sem PDF)
2026-03-31;março;CONDOR;1320;padrão (sem PDF)
2026-03-31;março;ENCAIXOTAMENTO VEGETAIS;1320;padrão (sem PDF)
2026-04-01;abril;MESPACK A;1320;padrão (sem PDF)
2026-04-01;abril;MESPACK B;1320;padrão (sem PDF)
2026-04-01;abril;MESPACK C;1320;padrão (sem PDF)
2026-04-01;abril;MESPACK D;1320;padrão (sem PDF)
2026-04-01;abril;MESPACK E;1320;padrão (sem PDF)
2026-04-01;abril;MESPACK F;1320;padrão (sem PDF)
2026-04-01;abril;MESPACK R1;1320;padrão (sem PDF)
2026-04-01;abril;MESPACK R2;1320;padrão (sem PDF)
2026-04-01;abril;ENCHEDEIRA TOP DOWN;1320;padrão (sem PDF)
2026-04-01;abril;ENCHEDEIRA COPO/LATA;1320;padrão (sem PDF)
2026-04-01;abril;60L1;1320;padrão (sem PDF)
2026-04-01;abril;60L2;1320;padrão (sem PDF)
2026-04-01;abril;CONDOR;1320;padrão (sem PDF)
2026-04-01;abril;ENCAIXOTAMENTO VEGETAIS;1320;padrão (sem PDF)
2026-04-02;abril;MESPACK A;1320;padrão (sem PDF)
2026-04-02;abril;MESPACK B;1320;padrão (sem PDF)
2026-04-02;abril;MESPACK C;1320;padrão (sem PDF)
2026-04-02;abril;MESPACK D;1320;padrão (sem PDF)
2026-04-02;abril;MESPACK E;1320;padrão (sem PDF)
2026-04-02;abril;MESPACK F;1320;padrão (sem PDF)
2026-04-02;abril;MESPACK R1;1320;padrão (sem PDF)
2026-04-02;abril;MESPACK R2;1320;padrão (sem PDF)
2026-04-02;abril;ENCHEDEIRA TOP DOWN;1320;padrão (sem PDF)
2026-04-02;abril;ENCHEDEIRA COPO/LATA;1320;padrão (sem PDF)
2026-04-02;abril;60L1;1320;padrão (sem PDF)
2026-04-02;abril;60L2;1320;padrão (sem PDF)
2026-04-02;abril;CONDOR;1320;padrão (sem PDF)
2026-04-02;abril;ENCAIXOTAMENTO VEGETAIS;1320;padrão (sem PDF)
2026-04-06;abril;MESPACK A;1320;padrão (sem PDF)
2026-04-06;abril;MESPACK B;1320;padrão (sem PDF)
2026-04-06;abril;MESPACK C;1320;padrão (sem PDF)
2026-04-06;abril;MESPACK D;1320;padrão (sem PDF)
2026-04-06;abril;MESPACK E;1320;padrão (sem PDF)
2026-04-06;abril;MESPACK F;1320;padrão (sem PDF)
2026-04-06;abril;MESPACK R1;1320;padrão (sem PDF)
2026-04-06;abril;MESPACK R2;1320;padrão (sem PDF)
2026-04-06;abril;ENCHEDEIRA TOP DOWN;1320;padrão (sem PDF)
2026-04-06;abril;ENCHEDEIRA COPO/LATA;1320;padrão (sem PDF)
2026-04-06;abril;60L1;1320;padrão (sem PDF)
2026-04-06;abril;60L2;1320;padrão (sem PDF)
2026-04-06;abril;CONDOR;1320;padrão (sem PDF)
2026-04-06;abril;ENCAIXOTAMENTO VEGETAIS;1320;padrão (sem PDF)
2026-04-07;abril;MESPACK A;1320;padrão (sem PDF)
2026-04-07;abril;MESPACK B;1320;padrão (sem PDF)
2026-04-07;abril;MESPACK C;1320;padrão (sem PDF)
2026-04-07;abril;MESPACK D;1320;padrão (sem PDF)
2026-04-07;abril;MESPACK E;1320;padrão (sem PDF)
2026-04-07;abril;MESPACK F;1320;padrão (sem PDF)
2026-04-07;abril;MESPACK R1;1320;padrão (sem PDF)
2026-04-07;abril;MESPACK R2;1320;padrão (sem PDF)
2026-04-07;abril;ENCHEDEIRA TOP DOWN;1320;padrão (sem PDF)
2026-04-07;abril;ENCHEDEIRA COPO/LATA;1320;padrão (sem PDF)
2026-04-07;abril;60L1;1320;padrão (sem PDF)
2026-04-07;abril;60L2;1320;padrão (sem PDF)
2026-04-07;abril;CONDOR;1320;padrão (sem PDF)
2026-04-07;abril;ENCAIXOTAMENTO VEGETAIS;1320;padrão (sem PDF)
2026-04-08;abril;MESPACK A;1320;padrão (sem PDF)
2026-04-08;abril;MESPACK B;1320;padrão (sem PDF)
2026-04-08;abril;MESPACK C;1320;padrão (sem PDF)
2026-04-08;abril;MESPACK D;1320;padrão (sem PDF)
2026-04-08;abril;MESPACK E;1320;padrão (sem PDF)
2026-04-08;abril;MESPACK F;1320;padrão (sem PDF)
2026-04-08;abril;MESPACK R1;1320;padrão (sem PDF)
2026-04-08;abril;MESPACK R2;1320;padrão (sem PDF)
2026-04-08;abril;ENCHEDEIRA TOP DOWN;1320;padrão (sem PDF)
2026-04-08;abril;ENCHEDEIRA COPO/LATA;1320;padrão (sem PDF)
2026-04-08;abril;60L1;1320;padrão (sem PDF)
2026-04-08;abril;60L2;1320;padrão (sem PDF)
2026-04-08;abril;CONDOR;1320;padrão (sem PDF)
2026-04-08;abril;ENCAIXOTAMENTO VEGETAIS;1320;padrão (sem PDF)
2026-04-09;abril;MESPACK A;1320;padrão (sem PDF)
2026-04-09;abril;MESPACK B;1320;padrão (sem PDF)
2026-04-09;abril;MESPACK C;1320;padrão (sem PDF)
2026-04-09;abril;MESPACK D;1320;padrão (sem PDF)
2026-04-09;abril;MESPACK E;1320;padrão (sem PDF)
2026-04-09;abril;MESPACK F;1320;padrão (sem PDF)
2026-04-09;abril;MESPACK R1;1320;padrão (sem PDF)
2026-04-09;abril;MESPACK R2;1320;padrão (sem PDF)
2026-04-09;abril;ENCHEDEIRA TOP DOWN;1320;padrão (sem PDF)
2026-04-09;abril;ENCHEDEIRA COPO/LATA;1320;padrão (sem PDF)
2026-04-09;abril;60L1;1320;padrão (sem PDF)
2026-04-09;abril;60L2;1320;padrão (sem PDF)
2026-04-09;abril;CONDOR;1320;padrão (sem PDF)
2026-04-09;abril;ENCAIXOTAMENTO VEGETAIS;1320;padrão (sem PDF)
2026-04-10;abril;MESPACK A;1320;padrão (sem PDF)
2026-04-10;abril;MESPACK B;1320;padrão (sem PDF)
2026-04-10;abril;MESPACK C;1320;padrão (sem PDF)
2026-04-10;abril;MESPACK D;1320;padrão (sem PDF)
2026-04-10;abril;MESPACK E;1320;padrão (sem PDF)
2026-04-10;abril;MESPACK F;1320;padrão (sem PDF)
2026-04-10;abril;MESPACK R1;1320;padrão (sem PDF)
2026-04-10;abril;MESPACK R2;1320;padrão (sem PDF)
2026-04-10;abril;ENCHEDEIRA TOP DOWN;1320;padrão (sem PDF)
2026-04-10;abril;ENCHEDEIRA COPO/LATA;1320;padrão (sem PDF)
2026-04-10;abril;60L1;1320;padrão (sem PDF)
2026-04-10;abril;60L2;1320;padrão (sem PDF)
2026-04-10;abril;CONDOR;1320;padrão (sem PDF)
2026-04-10;abril;ENCAIXOTAMENTO VEGETAIS;1320;padrão (sem PDF)
2026-04-13;abril;MESPACK A;1320;padrão (sem PDF)
2026-04-13;abril;MESPACK B;1320;padrão (sem PDF)
2026-04-13;abril;MESPACK C;1320;padrão (sem PDF)
2026-04-13;abril;MESPACK D;1320;padrão (sem PDF)
2026-04-13;abril;MESPACK E;1320;padrão (sem PDF)
2026-04-13;abril;MESPACK F;1320;padrão (sem PDF)
2026-04-13;abril;MESPACK R1;1320;padrão (sem PDF)
2026-04-13;abril;MESPACK R2;1320;padrão (sem PDF)
2026-04-13;abril;ENCHEDEIRA TOP DOWN;1320;padrão (sem PDF)
2026-04-13;abril;ENCHEDEIRA COPO/LATA;1320;padrão (sem PDF)
2026-04-13;abril;60L1;1320;padrão (sem PDF)
2026-04-13;abril;60L2;1320;padrão (sem PDF)
2026-04-13;abril;CONDOR;1320;padrão (sem PDF)
2026-04-13;abril;ENCAIXOTAMENTO VEGETAIS;1320;padrão (sem PDF)
2026-04-14;abril;MESPACK A;1320;padrão (sem PDF)
2026-04-14;abril;MESPACK B;1320;padrão (sem PDF)
2026-04-14;abril;MESPACK C;1320;padrão (sem PDF)
2026-04-14;abril;MESPACK D;1320;padrão (sem PDF)
2026-04-14;abril;MESPACK E;1320;padrão (sem PDF)
2026-04-14;abril;MESPACK F;1320;padrão (sem PDF)
2026-04-14;abril;MESPACK R1;1320;padrão (sem PDF)
2026-04-14;abril;MESPACK R2;1320;padrão (sem PDF)
2026-04-14;abril;ENCHEDEIRA TOP DOWN;1320;padrão (sem PDF)
2026-04-14;abril;ENCHEDEIRA COPO/LATA;1320;padrão (sem PDF)
2026-04-14;abril;60L1;1320;padrão (sem PDF)
2026-04-14;abril;60L2;1320;padrão (sem PDF)
2026-04-14;abril;CONDOR;1320;padrão (sem PDF)
2026-04-14;abril;ENCAIXOTAMENTO VEGETAIS;1320;padrão (sem PDF)
2026-04-15;abril;MESPACK A;1320;padrão (sem PDF)
2026-04-15;abril;MESPACK B;1320;padrão (sem PDF)
2026-04-15;abril;MESPACK C;1320;padrão (sem PDF)
2026-04-15;abril;MESPACK D;1320;padrão (sem PDF)
2026-04-15;abril;MESPACK E;1320;padrão (sem PDF)
2026-04-15;abril;MESPACK F;1320;padrão (sem PDF)
2026-04-15;abril;MESPACK R1;1320;padrão (sem PDF)
2026-04-15;abril;MESPACK R2;1320;padrão (sem PDF)
2026-04-15;abril;ENCHEDEIRA TOP DOWN;1320;padrão (sem PDF)
2026-04-15;abril;ENCHEDEIRA COPO/LATA;1320;padrão (sem PDF)
2026-04-15;abril;60L1;1320;padrão (sem PDF)
2026-04-15;abril;60L2;1320;padrão (sem PDF)
2026-04-15;abril;CONDOR;1320;padrão (sem PDF)
2026-04-15;abril;ENCAIXOTAMENTO VEGETAIS;1320;padrão (sem PDF)
2026-04-16;abril;MESPACK A;1320;padrão (sem PDF)
2026-04-16;abril;MESPACK B;1320;padrão (sem PDF)
2026-04-16;abril;MESPACK C;1320;padrão (sem PDF)
2026-04-16;abril;MESPACK D;1320;padrão (sem PDF)
2026-04-16;abril;MESPACK E;1320;padrão (sem PDF)
2026-04-16;abril;MESPACK F;1320;padrão (sem PDF)
2026-04-16;abril;MESPACK R1;1320;padrão (sem PDF)
2026-04-16;abril;MESPACK R2;1320;padrão (sem PDF)
2026-04-16;abril;ENCHEDEIRA TOP DOWN;1320;padrão (sem PDF)
2026-04-16;abril;ENCHEDEIRA COPO/LATA;1320;padrão (sem PDF)
2026-04-16;abril;60L1;1320;padrão (sem PDF)
2026-04-16;abril;60L2;1320;padrão (sem PDF)
2026-04-16;abril;CONDOR;1320;padrão (sem PDF)
2026-04-16;abril;ENCAIXOTAMENTO VEGETAIS;1320;padrão (sem PDF)
2026-04-17;abril;MESPACK A;1320;padrão (sem PDF)
2026-04-17;abril;MESPACK B;1320;padrão (sem PDF)
2026-04-17;abril;MESPACK C;1320;padrão (sem PDF)
2026-04-17;abril;MESPACK D;1320;padrão (sem PDF)
2026-04-17;abril;MESPACK E;1320;padrão (sem PDF)
2026-04-17;abril;MESPACK F;1320;padrão (sem PDF)
2026-04-17;abril;MESPACK R1;1320;padrão (sem PDF)
2026-04-17;abril;MESPACK R2;1320;padrão (sem PDF)
2026-04-17;abril;ENCHEDEIRA TOP DOWN;1320;padrão (sem PDF)
2026-04-17;abril;ENCHEDEIRA COPO/LATA;1320;padrão (sem PDF)
2026-04-17;abril;60L1;1320;padrão (sem PDF)
2026-04-17;abril;60L2;1320;padrão (sem PDF)
2026-04-17;abril;CONDOR;1320;padrão (sem PDF)
2026-04-17;abril;ENCAIXOTAMENTO VEGETAIS;1320;padrão (sem PDF)
2026-04-18;abril;MESPACK A;1320;padrão (sem PDF)
2026-04-18;abril;MESPACK B;1320;padrão (sem PDF)
2026-04-18;abril;MESPACK C;1320;padrão (sem PDF)
2026-04-18;abril;MESPACK D;1320;padrão (sem PDF)
2026-04-18;abril;MESPACK E;1320;padrão (sem PDF)
2026-04-18;abril;MESPACK F;1320;padrão (sem PDF)
2026-04-18;abril;MESPACK R1;1320;padrão (sem PDF)
2026-04-18;abril;MESPACK R2;1320;padrão (sem PDF)
2026-04-18;abril;ENCHEDEIRA TOP DOWN;1320;padrão (sem PDF)
2026-04-18;abril;ENCHEDEIRA COPO/LATA;1320;padrão (sem PDF)
2026-04-18;abril;60L1;1320;padrão (sem PDF)
2026-04-18;abril;60L2;1320;padrão (sem PDF)
2026-04-18;abril;CONDOR;1320;padrão (sem PDF)
2026-04-18;abril;ENCAIXOTAMENTO VEGETAIS;1320;padrão (sem PDF)
2026-04-20;abril;MESPACK A;1320;padrão (sem PDF)
2026-04-20;abril;MESPACK B;1320;padrão (sem PDF)
2026-04-20;abril;MESPACK C;1320;padrão (sem PDF)
2026-04-20;abril;MESPACK D;1320;padrão (sem PDF)
2026-04-20;abril;MESPACK E;1320;padrão (sem PDF)
2026-04-20;abril;MESPACK F;1320;padrão (sem PDF)
2026-04-20;abril;MESPACK R1;1320;padrão (sem PDF)
2026-04-20;abril;MESPACK R2;1320;padrão (sem PDF)
2026-04-20;abril;ENCHEDEIRA TOP DOWN;1320;padrão (sem PDF)
2026-04-20;abril;ENCHEDEIRA COPO/LATA;1320;padrão (sem PDF)
2026-04-20;abril;60L1;1320;padrão (sem PDF)
2026-04-20;abril;60L2;1320;padrão (sem PDF)
2026-04-20;abril;CONDOR;1320;padrão (sem PDF)
2026-04-20;abril;ENCAIXOTAMENTO VEGETAIS;1320;padrão (sem PDF)
2026-04-21;abril;MESPACK A;1320;padrão (sem PDF)
2026-04-21;abril;MESPACK B;1320;padrão (sem PDF)
2026-04-21;abril;MESPACK C;1320;padrão (sem PDF)
2026-04-21;abril;MESPACK D;1320;padrão (sem PDF)
2026-04-21;abril;MESPACK E;1320;padrão (sem PDF)
2026-04-21;abril;MESPACK F;1320;padrão (sem PDF)
2026-04-21;abril;MESPACK R1;1320;padrão (sem PDF)
2026-04-21;abril;MESPACK R2;1320;padrão (sem PDF)
2026-04-21;abril;ENCHEDEIRA TOP DOWN;1320;padrão (sem PDF)
2026-04-21;abril;ENCHEDEIRA COPO/LATA;1320;padrão (sem PDF)
2026-04-21;abril;60L1;1320;padrão (sem PDF)
2026-04-21;abril;60L2;1320;padrão (sem PDF)
2026-04-21;abril;CONDOR;1320;padrão (sem PDF)
2026-04-21;abril;ENCAIXOTAMENTO VEGETAIS;1320;padrão (sem PDF)
2026-04-22;abril;MESPACK A;1320;padrão (sem PDF)
2026-04-22;abril;MESPACK B;1320;padrão (sem PDF)
2026-04-22;abril;MESPACK C;1320;padrão (sem PDF)
2026-04-22;abril;MESPACK D;1320;padrão (sem PDF)
2026-04-22;abril;MESPACK E;1320;padrão (sem PDF)
2026-04-22;abril;MESPACK F;1320;padrão (sem PDF)
2026-04-22;abril;MESPACK R1;1320;padrão (sem PDF)
2026-04-22;abril;MESPACK R2;1320;padrão (sem PDF)
2026-04-22;abril;ENCHEDEIRA TOP DOWN;1320;padrão (sem PDF)
2026-04-22;abril;ENCHEDEIRA COPO/LATA;1320;padrão (sem PDF)
2026-04-22;abril;60L1;1320;padrão (sem PDF)
2026-04-22;abril;60L2;1320;padrão (sem PDF)
2026-04-22;abril;CONDOR;1320;padrão (sem PDF)
2026-04-22;abril;ENCAIXOTAMENTO VEGETAIS;1320;padrão (sem PDF)
2026-04-23;abril;MESPACK A;1320;padrão (sem PDF)
2026-04-23;abril;MESPACK B;1320;padrão (sem PDF)
2026-04-23;abril;MESPACK C;1320;padrão (sem PDF)
2026-04-23;abril;MESPACK D;1320;padrão (sem PDF)
2026-04-23;abril;MESPACK E;1320;padrão (sem PDF)
2026-04-23;abril;MESPACK F;1320;padrão (sem PDF)
2026-04-23;abril;MESPACK R1;1320;padrão (sem PDF)
2026-04-23;abril;MESPACK R2;1320;padrão (sem PDF)
2026-04-23;abril;ENCHEDEIRA TOP DOWN;1320;padrão (sem PDF)
2026-04-23;abril;ENCHEDEIRA COPO/LATA;1320;padrão (sem PDF)
2026-04-23;abril;60L1;1320;padrão (sem PDF)
2026-04-23;abril;60L2;1320;padrão (sem PDF)
2026-04-23;abril;CONDOR;1320;padrão (sem PDF)
2026-04-23;abril;ENCAIXOTAMENTO VEGETAIS;1320;padrão (sem PDF)
2026-04-24;abril;MESPACK A;1320;padrão (sem PDF)
2026-04-24;abril;MESPACK B;1320;padrão (sem PDF)
2026-04-24;abril;MESPACK C;1320;padrão (sem PDF)
2026-04-24;abril;MESPACK D;1320;padrão (sem PDF)
2026-04-24;abril;MESPACK E;1320;padrão (sem PDF)
2026-04-24;abril;MESPACK F;1320;padrão (sem PDF)
2026-04-24;abril;MESPACK R1;1320;padrão (sem PDF)
2026-04-24;abril;MESPACK R2;1320;padrão (sem PDF)
2026-04-24;abril;ENCHEDEIRA TOP DOWN;1320;padrão (sem PDF)
2026-04-24;abril;ENCHEDEIRA COPO/LATA;1320;padrão (sem PDF)
2026-04-24;abril;60L1;1320;padrão (sem PDF)
2026-04-24;abril;60L2;1320;padrão (sem PDF)
2026-04-24;abril;CONDOR;1320;padrão (sem PDF)
2026-04-24;abril;ENCAIXOTAMENTO VEGETAIS;1320;padrão (sem PDF)
2026-04-27;abril;MESPACK A;1320;padrão (sem PDF)
2026-04-27;abril;MESPACK B;1320;padrão (sem PDF)
2026-04-27;abril;MESPACK C;1320;padrão (sem PDF)
2026-04-27;abril;MESPACK D;1320;padrão (sem PDF)
2026-04-27;abril;MESPACK E;1320;padrão (sem PDF)
2026-04-27;abril;MESPACK F;1320;padrão (sem PDF)
2026-04-27;abril;MESPACK R1;1320;padrão (sem PDF)
2026-04-27;abril;MESPACK R2;1320;padrão (sem PDF)
2026-04-27;abril;ENCHEDEIRA TOP DOWN;1320;padrão (sem PDF)
2026-04-27;abril;ENCHEDEIRA COPO/LATA;1320;padrão (sem PDF)
2026-04-27;abril;60L1;1320;padrão (sem PDF)
2026-04-27;abril;60L2;1320;padrão (sem PDF)
2026-04-27;abril;CONDOR;1320;padrão (sem PDF)
2026-04-27;abril;ENCAIXOTAMENTO VEGETAIS;1320;padrão (sem PDF)
2026-04-28;abril;MESPACK A;1320;padrão (sem PDF)
2026-04-28;abril;MESPACK B;1320;padrão (sem PDF)
2026-04-28;abril;MESPACK C;1320;padrão (sem PDF)
2026-04-28;abril;MESPACK D;1320;padrão (sem PDF)
2026-04-28;abril;MESPACK E;1320;padrão (sem PDF)
2026-04-28;abril;MESPACK F;1320;padrão (sem PDF)
2026-04-28;abril;MESPACK R1;1320;padrão (sem PDF)
2026-04-28;abril;MESPACK R2;1320;padrão (sem PDF)
2026-04-28;abril;ENCHEDEIRA TOP DOWN;1320;padrão (sem PDF)
2026-04-28;abril;ENCHEDEIRA COPO/LATA;1320;padrão (sem PDF)
2026-04-28;abril;60L1;1320;padrão (sem PDF)
2026-04-28;abril;60L2;1320;padrão (sem PDF)
2026-04-28;abril;CONDOR;1320;padrão (sem PDF)
2026-04-28;abril;ENCAIXOTAMENTO VEGETAIS;1320;padrão (sem PDF)
2026-04-29;abril;MESPACK A;1320;padrão (sem PDF)
2026-04-29;abril;MESPACK B;1320;padrão (sem PDF)
2026-04-29;abril;MESPACK C;1320;padrão (sem PDF)
2026-04-29;abril;MESPACK D;1320;padrão (sem PDF)
2026-04-29;abril;MESPACK E;1320;padrão (sem PDF)
2026-04-29;abril;MESPACK F;1320;padrão (sem PDF)
2026-04-29;abril;MESPACK R1;1320;padrão (sem PDF)
2026-04-29;abril;MESPACK R2;1320;padrão (sem PDF)
2026-04-29;abril;ENCHEDEIRA TOP DOWN;1320;padrão (sem PDF)
2026-04-29;abril;ENCHEDEIRA COPO/LATA;1320;padrão (sem PDF)
2026-04-29;abril;60L1;1320;padrão (sem PDF)
2026-04-29;abril;60L2;1320;padrão (sem PDF)
2026-04-29;abril;CONDOR;1320;padrão (sem PDF)
2026-04-29;abril;ENCAIXOTAMENTO VEGETAIS;1320;padrão (sem PDF)
2026-04-30;abril;MESPACK A;1320;padrão (sem PDF)
2026-04-30;abril;MESPACK B;1320;padrão (sem PDF)
2026-04-30;abril;MESPACK C;1320;padrão (sem PDF)
2026-04-30;abril;MESPACK D;1320;padrão (sem PDF)
2026-04-30;abril;MESPACK E;1320;padrão (sem PDF)
2026-04-30;abril;MESPACK F;1320;padrão (sem PDF)
2026-04-30;abril;MESPACK R1;1320;padrão (sem PDF)
2026-04-30;abril;MESPACK R2;1320;padrão (sem PDF)
2026-04-30;abril;ENCHEDEIRA TOP DOWN;1320;padrão (sem PDF)
2026-04-30;abril;ENCHEDEIRA COPO/LATA;1320;padrão (sem PDF)
2026-04-30;abril;60L1;1320;padrão (sem PDF)
2026-04-30;abril;60L2;1320;padrão (sem PDF)
2026-04-30;abril;CONDOR;1320;padrão (sem PDF)
2026-04-30;abril;ENCAIXOTAMENTO VEGETAIS;1320;padrão (sem PDF)
2026-05-04;maio;MESPACK A;1320;padrão (sem PDF)
2026-05-04;maio;MESPACK B;1320;padrão (sem PDF)
2026-05-04;maio;MESPACK C;1320;padrão (sem PDF)
2026-05-04;maio;MESPACK D;1320;padrão (sem PDF)
2026-05-04;maio;MESPACK E;1320;padrão (sem PDF)
2026-05-04;maio;MESPACK F;1320;padrão (sem PDF)
2026-05-04;maio;MESPACK R1;1320;padrão (sem PDF)
2026-05-04;maio;MESPACK R2;1320;padrão (sem PDF)
2026-05-04;maio;ENCHEDEIRA TOP DOWN;1320;padrão (sem PDF)
2026-05-04;maio;ENCHEDEIRA COPO/LATA;1320;padrão (sem PDF)
2026-05-04;maio;60L1;1320;padrão (sem PDF)
2026-05-04;maio;60L2;1320;padrão (sem PDF)
2026-05-04;maio;CONDOR;1320;padrão (sem PDF)
2026-05-04;maio;ENCAIXOTAMENTO VEGETAIS;1320;padrão (sem PDF)
2026-05-05;maio;MESPACK A;1320;padrão (sem PDF)
2026-05-05;maio;MESPACK B;1320;padrão (sem PDF)
2026-05-05;maio;MESPACK C;1320;padrão (sem PDF)
2026-05-05;maio;MESPACK D;1320;padrão (sem PDF)
2026-05-05;maio;MESPACK E;1320;padrão (sem PDF)
2026-05-05;maio;MESPACK F;1320;padrão (sem PDF)
2026-05-05;maio;MESPACK R1;1320;padrão (sem PDF)
2026-05-05;maio;MESPACK R2;1320;padrão (sem PDF)
2026-05-05;maio;ENCHEDEIRA TOP DOWN;1320;padrão (sem PDF)
2026-05-05;maio;ENCHEDEIRA COPO/LATA;1320;padrão (sem PDF)
2026-05-05;maio;60L1;1320;padrão (sem PDF)
2026-05-05;maio;60L2;1320;padrão (sem PDF)
2026-05-05;maio;CONDOR;1320;padrão (sem PDF)
2026-05-05;maio;ENCAIXOTAMENTO VEGETAIS;1320;padrão (sem PDF)
2026-05-06;maio;MESPACK A;1320;padrão (sem PDF)
2026-05-06;maio;MESPACK B;1320;padrão (sem PDF)
2026-05-06;maio;MESPACK C;1320;padrão (sem PDF)
2026-05-06;maio;MESPACK D;1320;padrão (sem PDF)
2026-05-06;maio;MESPACK E;1320;padrão (sem PDF)
2026-05-06;maio;MESPACK F;1320;padrão (sem PDF)
2026-05-06;maio;MESPACK R1;1320;padrão (sem PDF)
2026-05-06;maio;MESPACK R2;1320;padrão (sem PDF)
2026-05-06;maio;ENCHEDEIRA TOP DOWN;1320;padrão (sem PDF)
2026-05-06;maio;ENCHEDEIRA COPO/LATA;1320;padrão (sem PDF)
2026-05-06;maio;60L1;1320;padrão (sem PDF)
2026-05-06;maio;60L2;1320;padrão (sem PDF)
2026-05-06;maio;CONDOR;1320;padrão (sem PDF)
2026-05-06;maio;ENCAIXOTAMENTO VEGETAIS;1320;padrão (sem PDF)
2026-05-07;maio;MESPACK A;1320;padrão (sem PDF)
2026-05-07;maio;MESPACK B;1320;padrão (sem PDF)
2026-05-07;maio;MESPACK C;1320;padrão (sem PDF)
2026-05-07;maio;MESPACK D;1320;padrão (sem PDF)
2026-05-07;maio;MESPACK E;1320;padrão (sem PDF)
2026-05-07;maio;MESPACK F;1320;padrão (sem PDF)
2026-05-07;maio;MESPACK R1;1320;padrão (sem PDF)
2026-05-07;maio;MESPACK R2;1320;padrão (sem PDF)
2026-05-07;maio;ENCHEDEIRA TOP DOWN;1320;padrão (sem PDF)
2026-05-07;maio;ENCHEDEIRA COPO/LATA;1320;padrão (sem PDF)
2026-05-07;maio;60L1;1320;padrão (sem PDF)
2026-05-07;maio;60L2;1320;padrão (sem PDF)
2026-05-07;maio;CONDOR;1320;padrão (sem PDF)
2026-05-07;maio;ENCAIXOTAMENTO VEGETAIS;1320;padrão (sem PDF)
2026-05-08;maio;MESPACK A;1320;padrão (sem PDF)
2026-05-08;maio;MESPACK B;1320;padrão (sem PDF)
2026-05-08;maio;MESPACK C;1320;padrão (sem PDF)
2026-05-08;maio;MESPACK D;1320;padrão (sem PDF)
2026-05-08;maio;MESPACK E;1320;padrão (sem PDF)
2026-05-08;maio;MESPACK F;1320;padrão (sem PDF)
2026-05-08;maio;MESPACK R1;1320;padrão (sem PDF)
2026-05-08;maio;MESPACK R2;1320;padrão (sem PDF)
2026-05-08;maio;ENCHEDEIRA TOP DOWN;1320;padrão (sem PDF)
2026-05-08;maio;ENCHEDEIRA COPO/LATA;1320;padrão (sem PDF)
2026-05-08;maio;60L1;1320;padrão (sem PDF)
2026-05-08;maio;60L2;1320;padrão (sem PDF)
2026-05-08;maio;CONDOR;1320;padrão (sem PDF)
2026-05-08;maio;ENCAIXOTAMENTO VEGETAIS;1320;padrão (sem PDF)
2026-05-09;maio;MESPACK A;1320;padrão (sem PDF)
2026-05-09;maio;MESPACK B;1320;padrão (sem PDF)
2026-05-09;maio;MESPACK C;1320;padrão (sem PDF)
2026-05-09;maio;MESPACK D;1320;padrão (sem PDF)
2026-05-09;maio;MESPACK E;1320;padrão (sem PDF)
2026-05-09;maio;MESPACK F;1320;padrão (sem PDF)
2026-05-09;maio;MESPACK R1;1320;padrão (sem PDF)
2026-05-09;maio;MESPACK R2;1320;padrão (sem PDF)
2026-05-09;maio;ENCHEDEIRA TOP DOWN;1320;padrão (sem PDF)
2026-05-09;maio;ENCHEDEIRA COPO/LATA;1320;padrão (sem PDF)
2026-05-09;maio;60L1;1320;padrão (sem PDF)
2026-05-09;maio;60L2;1320;padrão (sem PDF)
2026-05-09;maio;CONDOR;1320;padrão (sem PDF)
2026-05-09;maio;ENCAIXOTAMENTO VEGETAIS;1320;padrão (sem PDF)
2026-05-11;maio;MESPACK A;1320;padrão (sem PDF)
2026-05-11;maio;MESPACK B;1320;padrão (sem PDF)
2026-05-11;maio;MESPACK C;1320;padrão (sem PDF)
2026-05-11;maio;MESPACK D;1320;padrão (sem PDF)
2026-05-11;maio;MESPACK E;1320;padrão (sem PDF)
2026-05-11;maio;MESPACK F;1320;padrão (sem PDF)
2026-05-11;maio;MESPACK R1;1320;padrão (sem PDF)
2026-05-11;maio;MESPACK R2;1320;padrão (sem PDF)
2026-05-11;maio;ENCHEDEIRA TOP DOWN;1320;padrão (sem PDF)
2026-05-11;maio;ENCHEDEIRA COPO/LATA;1320;padrão (sem PDF)
2026-05-11;maio;60L1;1320;padrão (sem PDF)
2026-05-11;maio;60L2;1320;padrão (sem PDF)
2026-05-11;maio;CONDOR;1320;padrão (sem PDF)
2026-05-11;maio;ENCAIXOTAMENTO VEGETAIS;1320;padrão (sem PDF)
2026-05-12;maio;MESPACK A;1320;padrão (sem PDF)
2026-05-12;maio;MESPACK B;1320;padrão (sem PDF)
2026-05-12;maio;MESPACK C;1320;padrão (sem PDF)
2026-05-12;maio;MESPACK D;1320;padrão (sem PDF)
2026-05-12;maio;MESPACK E;1320;padrão (sem PDF)
2026-05-12;maio;MESPACK F;1320;padrão (sem PDF)
2026-05-12;maio;MESPACK R1;1320;padrão (sem PDF)
2026-05-12;maio;MESPACK R2;1320;padrão (sem PDF)
2026-05-12;maio;ENCHEDEIRA TOP DOWN;1320;padrão (sem PDF)
2026-05-12;maio;ENCHEDEIRA COPO/LATA;1320;padrão (sem PDF)
2026-05-12;maio;60L1;1320;padrão (sem PDF)
2026-05-12;maio;60L2;1320;padrão (sem PDF)
2026-05-12;maio;CONDOR;1320;padrão (sem PDF)
2026-05-12;maio;ENCAIXOTAMENTO VEGETAIS;1320;padrão (sem PDF)
2026-05-13;maio;MESPACK A;1320;padrão (sem PDF)
2026-05-13;maio;MESPACK B;1320;padrão (sem PDF)
2026-05-13;maio;MESPACK C;1320;padrão (sem PDF)
2026-05-13;maio;MESPACK D;1320;padrão (sem PDF)
2026-05-13;maio;MESPACK E;1320;padrão (sem PDF)
2026-05-13;maio;MESPACK F;1320;padrão (sem PDF)
2026-05-13;maio;MESPACK R1;1320;padrão (sem PDF)
2026-05-13;maio;MESPACK R2;1320;padrão (sem PDF)
2026-05-13;maio;ENCHEDEIRA TOP DOWN;1320;padrão (sem PDF)
2026-05-13;maio;ENCHEDEIRA COPO/LATA;1320;padrão (sem PDF)
2026-05-13;maio;60L1;1320;padrão (sem PDF)
2026-05-13;maio;60L2;1320;padrão (sem PDF)
2026-05-13;maio;CONDOR;1320;padrão (sem PDF)
2026-05-13;maio;ENCAIXOTAMENTO VEGETAIS;1320;padrão (sem PDF)
2026-05-14;maio;MESPACK A;1320;padrão (sem PDF)
2026-05-14;maio;MESPACK B;1320;padrão (sem PDF)
2026-05-14;maio;MESPACK C;1320;padrão (sem PDF)
2026-05-14;maio;MESPACK D;1320;padrão (sem PDF)
2026-05-14;maio;MESPACK E;1320;padrão (sem PDF)
2026-05-14;maio;MESPACK F;1320;padrão (sem PDF)
2026-05-14;maio;MESPACK R1;1320;padrão (sem PDF)
2026-05-14;maio;MESPACK R2;1320;padrão (sem PDF)
2026-05-14;maio;ENCHEDEIRA TOP DOWN;1320;padrão (sem PDF)
2026-05-14;maio;ENCHEDEIRA COPO/LATA;1320;padrão (sem PDF)
2026-05-14;maio;60L1;1320;padrão (sem PDF)
2026-05-14;maio;60L2;1320;padrão (sem PDF)
2026-05-14;maio;CONDOR;1320;padrão (sem PDF)
2026-05-14;maio;ENCAIXOTAMENTO VEGETAIS;1320;padrão (sem PDF)
2026-05-15;maio;MESPACK A;1320;padrão (sem PDF)
2026-05-15;maio;MESPACK B;1320;padrão (sem PDF)
2026-05-15;maio;MESPACK C;1320;padrão (sem PDF)
2026-05-15;maio;MESPACK D;1320;padrão (sem PDF)
2026-05-15;maio;MESPACK E;1320;padrão (sem PDF)
2026-05-15;maio;MESPACK F;1320;padrão (sem PDF)
2026-05-15;maio;MESPACK R1;1320;padrão (sem PDF)
2026-05-15;maio;MESPACK R2;1320;padrão (sem PDF)
2026-05-15;maio;ENCHEDEIRA TOP DOWN;1320;padrão (sem PDF)
2026-05-15;maio;ENCHEDEIRA COPO/LATA;1320;padrão (sem PDF)
2026-05-15;maio;60L1;1320;padrão (sem PDF)
2026-05-15;maio;60L2;1320;padrão (sem PDF)
2026-05-15;maio;CONDOR;1320;padrão (sem PDF)
2026-05-15;maio;ENCAIXOTAMENTO VEGETAIS;1320;padrão (sem PDF)
2026-05-16;maio;MESPACK A;1320;padrão (sem PDF)
2026-05-16;maio;MESPACK B;1320;padrão (sem PDF)
2026-05-16;maio;MESPACK C;1320;padrão (sem PDF)
2026-05-16;maio;MESPACK D;1320;padrão (sem PDF)
2026-05-16;maio;MESPACK E;1320;padrão (sem PDF)
2026-05-16;maio;MESPACK F;1320;padrão (sem PDF)
2026-05-16;maio;MESPACK R1;1320;padrão (sem PDF)
2026-05-16;maio;MESPACK R2;1320;padrão (sem PDF)
2026-05-16;maio;ENCHEDEIRA TOP DOWN;1320;padrão (sem PDF)
2026-05-16;maio;ENCHEDEIRA COPO/LATA;1320;padrão (sem PDF)
2026-05-16;maio;60L1;1320;padrão (sem PDF)
2026-05-16;maio;60L2;1320;padrão (sem PDF)
2026-05-16;maio;CONDOR;1320;padrão (sem PDF)
2026-05-16;maio;ENCAIXOTAMENTO VEGETAIS;1320;padrão (sem PDF)
2026-05-18;maio;MESPACK A;1320;padrão (sem PDF)
2026-05-18;maio;MESPACK B;1320;padrão (sem PDF)
2026-05-18;maio;MESPACK C;1320;padrão (sem PDF)
2026-05-18;maio;MESPACK D;1320;padrão (sem PDF)
2026-05-18;maio;MESPACK E;1320;padrão (sem PDF)
2026-05-18;maio;MESPACK F;1320;padrão (sem PDF)
2026-05-18;maio;MESPACK R1;1320;padrão (sem PDF)
2026-05-18;maio;MESPACK R2;1320;padrão (sem PDF)
2026-05-18;maio;ENCHEDEIRA TOP DOWN;1320;padrão (sem PDF)
2026-05-18;maio;ENCHEDEIRA COPO/LATA;1320;padrão (sem PDF)
2026-05-18;maio;60L1;1320;padrão (sem PDF)
2026-05-18;maio;60L2;1320;padrão (sem PDF)
2026-05-18;maio;CONDOR;1320;padrão (sem PDF)
2026-05-18;maio;ENCAIXOTAMENTO VEGETAIS;1320;padrão (sem PDF)
2026-05-19;maio;MESPACK A;1320;padrão (sem PDF)
2026-05-19;maio;MESPACK B;1320;padrão (sem PDF)
2026-05-19;maio;MESPACK C;1320;padrão (sem PDF)
2026-05-19;maio;MESPACK D;1320;padrão (sem PDF)
2026-05-19;maio;MESPACK E;1320;padrão (sem PDF)
2026-05-19;maio;MESPACK F;1320;padrão (sem PDF)
2026-05-19;maio;MESPACK R1;1320;padrão (sem PDF)
2026-05-19;maio;MESPACK R2;1320;padrão (sem PDF)
2026-05-19;maio;ENCHEDEIRA TOP DOWN;1320;padrão (sem PDF)
2026-05-19;maio;ENCHEDEIRA COPO/LATA;1320;padrão (sem PDF)
2026-05-19;maio;60L1;1320;padrão (sem PDF)
2026-05-19;maio;60L2;1320;padrão (sem PDF)
2026-05-19;maio;CONDOR;1320;padrão (sem PDF)
2026-05-19;maio;ENCAIXOTAMENTO VEGETAIS;1320;padrão (sem PDF)
2026-05-20;maio;MESPACK A;1320;padrão (sem PDF)
2026-05-20;maio;MESPACK B;1320;padrão (sem PDF)
2026-05-20;maio;MESPACK C;1320;padrão (sem PDF)
2026-05-20;maio;MESPACK D;1320;padrão (sem PDF)
2026-05-20;maio;MESPACK E;1320;padrão (sem PDF)
2026-05-20;maio;MESPACK F;1320;padrão (sem PDF)
2026-05-20;maio;MESPACK R1;1320;padrão (sem PDF)
2026-05-20;maio;MESPACK R2;1320;padrão (sem PDF)
2026-05-20;maio;ENCHEDEIRA TOP DOWN;1320;padrão (sem PDF)
2026-05-20;maio;ENCHEDEIRA COPO/LATA;1320;padrão (sem PDF)
2026-05-20;maio;60L1;1320;padrão (sem PDF)
2026-05-20;maio;60L2;1320;padrão (sem PDF)
2026-05-20;maio;CONDOR;1320;padrão (sem PDF)
2026-05-20;maio;ENCAIXOTAMENTO VEGETAIS;1320;padrão (sem PDF)
2026-05-21;maio;MESPACK A;1320;padrão (sem PDF)
2026-05-21;maio;MESPACK B;1320;padrão (sem PDF)
2026-05-21;maio;MESPACK C;1320;padrão (sem PDF)
2026-05-21;maio;MESPACK D;1320;padrão (sem PDF)
2026-05-21;maio;MESPACK E;1320;padrão (sem PDF)
2026-05-21;maio;MESPACK F;1320;padrão (sem PDF)
2026-05-21;maio;MESPACK R1;1320;padrão (sem PDF)
2026-05-21;maio;MESPACK R2;1320;padrão (sem PDF)
2026-05-21;maio;ENCHEDEIRA TOP DOWN;1320;padrão (sem PDF)
2026-05-21;maio;ENCHEDEIRA COPO/LATA;1320;padrão (sem PDF)
2026-05-21;maio;60L1;1320;padrão (sem PDF)
2026-05-21;maio;60L2;1320;padrão (sem PDF)
2026-05-21;maio;CONDOR;1320;padrão (sem PDF)
2026-05-21;maio;ENCAIXOTAMENTO VEGETAIS;1320;padrão (sem PDF)
2026-05-22;maio;MESPACK A;1320;padrão (sem PDF)
2026-05-22;maio;MESPACK B;1320;padrão (sem PDF)
2026-05-22;maio;MESPACK C;1320;padrão (sem PDF)
2026-05-22;maio;MESPACK D;1320;padrão (sem PDF)
2026-05-22;maio;MESPACK E;1320;padrão (sem PDF)
2026-05-22;maio;MESPACK F;1320;padrão (sem PDF)
2026-05-22;maio;MESPACK R1;1320;padrão (sem PDF)
2026-05-22;maio;MESPACK R2;1320;padrão (sem PDF)
2026-05-22;maio;ENCHEDEIRA TOP DOWN;1320;padrão (sem PDF)
2026-05-22;maio;ENCHEDEIRA COPO/LATA;1320;padrão (sem PDF)
2026-05-22;maio;60L1;1320;padrão (sem PDF)
2026-05-22;maio;60L2;1320;padrão (sem PDF)
2026-05-22;maio;CONDOR;1320;padrão (sem PDF)
2026-05-22;maio;ENCAIXOTAMENTO VEGETAIS;1320;padrão (sem PDF)
2026-05-23;maio;MESPACK A;1320;padrão (sem PDF)
2026-05-23;maio;MESPACK B;1320;padrão (sem PDF)
2026-05-23;maio;MESPACK C;1320;padrão (sem PDF)
2026-05-23;maio;MESPACK D;1320;padrão (sem PDF)
2026-05-23;maio;MESPACK E;1320;padrão (sem PDF)
2026-05-23;maio;MESPACK F;1320;padrão (sem PDF)
2026-05-23;maio;MESPACK R1;1320;padrão (sem PDF)
2026-05-23;maio;MESPACK R2;1320;padrão (sem PDF)
2026-05-23;maio;ENCHEDEIRA TOP DOWN;1320;padrão (sem PDF)
2026-05-23;maio;ENCHEDEIRA COPO/LATA;1320;padrão (sem PDF)
2026-05-23;maio;60L1;1320;padrão (sem PDF)
2026-05-23;maio;60L2;1320;padrão (sem PDF)
2026-05-23;maio;CONDOR;1320;padrão (sem PDF)
2026-05-23;maio;ENCAIXOTAMENTO VEGETAIS;1320;padrão (sem PDF)
2026-05-25;maio;MESPACK A;1320;padrão (sem PDF)
2026-05-25;maio;MESPACK B;1320;padrão (sem PDF)
2026-05-25;maio;MESPACK C;1320;padrão (sem PDF)
2026-05-25;maio;MESPACK D;1320;padrão (sem PDF)
2026-05-25;maio;MESPACK E;1320;padrão (sem PDF)
2026-05-25;maio;MESPACK F;1320;padrão (sem PDF)
2026-05-25;maio;MESPACK R1;1320;padrão (sem PDF)
2026-05-25;maio;MESPACK R2;1320;padrão (sem PDF)
2026-05-25;maio;ENCHEDEIRA TOP DOWN;1320;padrão (sem PDF)
2026-05-25;maio;ENCHEDEIRA COPO/LATA;1320;padrão (sem PDF)
2026-05-25;maio;60L1;1320;padrão (sem PDF)
2026-05-25;maio;60L2;1320;padrão (sem PDF)
2026-05-25;maio;CONDOR;1320;padrão (sem PDF)
2026-05-25;maio;ENCAIXOTAMENTO VEGETAIS;1320;padrão (sem PDF)
2026-05-26;maio;MESPACK A;1320;padrão (sem PDF)
2026-05-26;maio;MESPACK B;1320;padrão (sem PDF)
2026-05-26;maio;MESPACK C;1320;padrão (sem PDF)
2026-05-26;maio;MESPACK D;1320;padrão (sem PDF)
2026-05-26;maio;MESPACK E;1320;padrão (sem PDF)
2026-05-26;maio;MESPACK F;1320;padrão (sem PDF)
2026-05-26;maio;MESPACK R1;1320;padrão (sem PDF)
2026-05-26;maio;MESPACK R2;1320;padrão (sem PDF)
2026-05-26;maio;ENCHEDEIRA TOP DOWN;1320;padrão (sem PDF)
2026-05-26;maio;ENCHEDEIRA COPO/LATA;1320;padrão (sem PDF)
2026-05-26;maio;60L1;1320;padrão (sem PDF)
2026-05-26;maio;60L2;1320;padrão (sem PDF)
2026-05-26;maio;CONDOR;1320;padrão (sem PDF)
2026-05-26;maio;ENCAIXOTAMENTO VEGETAIS;1320;padrão (sem PDF)
2026-05-27;maio;MESPACK A;1320;padrão (sem PDF)
2026-05-27;maio;MESPACK B;1320;padrão (sem PDF)
2026-05-27;maio;MESPACK C;1320;padrão (sem PDF)
2026-05-27;maio;MESPACK D;1320;padrão (sem PDF)
2026-05-27;maio;MESPACK E;1320;padrão (sem PDF)
2026-05-27;maio;MESPACK F;1320;padrão (sem PDF)
2026-05-27;maio;MESPACK R1;1320;padrão (sem PDF)
2026-05-27;maio;MESPACK R2;1320;padrão (sem PDF)
2026-05-27;maio;ENCHEDEIRA TOP DOWN;1320;padrão (sem PDF)
2026-05-27;maio;ENCHEDEIRA COPO/LATA;1320;padrão (sem PDF)
2026-05-27;maio;60L1;1320;padrão (sem PDF)
2026-05-27;maio;60L2;1320;padrão (sem PDF)
2026-05-27;maio;CONDOR;1320;padrão (sem PDF)
2026-05-27;maio;ENCAIXOTAMENTO VEGETAIS;1320;padrão (sem PDF)
2026-05-28;maio;MESPACK A;1320;padrão (sem PDF)
2026-05-28;maio;MESPACK B;1320;padrão (sem PDF)
2026-05-28;maio;MESPACK C;1320;padrão (sem PDF)
2026-05-28;maio;MESPACK D;1320;padrão (sem PDF)
2026-05-28;maio;MESPACK E;1320;padrão (sem PDF)
2026-05-28;maio;MESPACK F;1320;padrão (sem PDF)
2026-05-28;maio;MESPACK R1;1320;padrão (sem PDF)
2026-05-28;maio;MESPACK R2;1320;padrão (sem PDF)
2026-05-28;maio;ENCHEDEIRA TOP DOWN;1320;padrão (sem PDF)
2026-05-28;maio;ENCHEDEIRA COPO/LATA;1320;padrão (sem PDF)
2026-05-28;maio;60L1;1320;padrão (sem PDF)
2026-05-28;maio;60L2;1320;padrão (sem PDF)
2026-05-28;maio;CONDOR;1320;padrão (sem PDF)
2026-05-28;maio;ENCAIXOTAMENTO VEGETAIS;1320;padrão (sem PDF)
2026-06-01;junho;MESPACK A;1320;padrão (sem PDF)
2026-06-01;junho;MESPACK B;1320;padrão (sem PDF)
2026-06-01;junho;MESPACK C;1320;padrão (sem PDF)
2026-06-01;junho;MESPACK D;1320;padrão (sem PDF)
2026-06-01;junho;MESPACK E;1320;padrão (sem PDF)
2026-06-01;junho;MESPACK F;1320;padrão (sem PDF)
2026-06-01;junho;MESPACK R1;1320;padrão (sem PDF)
2026-06-01;junho;MESPACK R2;1320;padrão (sem PDF)
2026-06-01;junho;ENCHEDEIRA TOP DOWN;1320;padrão (sem PDF)
2026-06-01;junho;ENCHEDEIRA COPO/LATA;1320;padrão (sem PDF)
2026-06-01;junho;60L1;1320;padrão (sem PDF)
2026-06-01;junho;60L2;1320;padrão (sem PDF)
2026-06-01;junho;CONDOR;1320;padrão (sem PDF)
2026-06-01;junho;ENCAIXOTAMENTO VEGETAIS;1320;padrão (sem PDF)
2026-06-02;junho;MESPACK A;1320;padrão (sem PDF)
2026-06-02;junho;MESPACK B;1320;padrão (sem PDF)
2026-06-02;junho;MESPACK C;1320;padrão (sem PDF)
2026-06-02;junho;MESPACK D;1320;padrão (sem PDF)
2026-06-02;junho;MESPACK E;1320;padrão (sem PDF)
2026-06-02;junho;MESPACK F;1320;padrão (sem PDF)
2026-06-02;junho;MESPACK R1;1320;padrão (sem PDF)
2026-06-02;junho;MESPACK R2;1320;padrão (sem PDF)
2026-06-02;junho;ENCHEDEIRA TOP DOWN;1320;padrão (sem PDF)
2026-06-02;junho;ENCHEDEIRA COPO/LATA;1320;padrão (sem PDF)
2026-06-02;junho;60L1;1320;padrão (sem PDF)
2026-06-02;junho;60L2;1320;padrão (sem PDF)
2026-06-02;junho;CONDOR;1320;padrão (sem PDF)
2026-06-02;junho;ENCAIXOTAMENTO VEGETAIS;1320;padrão (sem PDF)
2026-06-03;junho;MESPACK A;1320;padrão (sem PDF)
2026-06-03;junho;MESPACK B;1320;padrão (sem PDF)
2026-06-03;junho;MESPACK C;1320;padrão (sem PDF)
2026-06-03;junho;MESPACK D;1320;padrão (sem PDF)
2026-06-03;junho;MESPACK E;1320;padrão (sem PDF)
2026-06-03;junho;MESPACK F;1320;padrão (sem PDF)
2026-06-03;junho;MESPACK R1;1320;padrão (sem PDF)
2026-06-03;junho;MESPACK R2;1320;padrão (sem PDF)
2026-06-03;junho;ENCHEDEIRA TOP DOWN;1320;padrão (sem PDF)
2026-06-03;junho;ENCHEDEIRA COPO/LATA;1320;padrão (sem PDF)
2026-06-03;junho;60L1;1320;padrão (sem PDF)
2026-06-03;junho;60L2;1320;padrão (sem PDF)
2026-06-03;junho;CONDOR;1320;padrão (sem PDF)
2026-06-03;junho;ENCAIXOTAMENTO VEGETAIS;1320;padrão (sem PDF)
2026-06-04;junho;MESPACK A;1320;padrão (sem PDF)
2026-06-04;junho;MESPACK B;1320;padrão (sem PDF)
2026-06-04;junho;MESPACK C;1320;padrão (sem PDF)
2026-06-04;junho;MESPACK D;1320;padrão (sem PDF)
2026-06-04;junho;MESPACK E;1320;padrão (sem PDF)
2026-06-04;junho;MESPACK F;1320;padrão (sem PDF)
2026-06-04;junho;MESPACK R1;1320;padrão (sem PDF)
2026-06-04;junho;MESPACK R2;1320;padrão (sem PDF)
2026-06-04;junho;ENCHEDEIRA TOP DOWN;1320;padrão (sem PDF)
2026-06-04;junho;ENCHEDEIRA COPO/LATA;1320;padrão (sem PDF)
2026-06-04;junho;60L1;1320;padrão (sem PDF)
2026-06-04;junho;60L2;1320;padrão (sem PDF)
2026-06-04;junho;CONDOR;1320;padrão (sem PDF)
2026-06-04;junho;ENCAIXOTAMENTO VEGETAIS;1320;padrão (sem PDF)
2026-06-05;junho;MESPACK A;1320;padrão (sem PDF)
2026-06-05;junho;MESPACK B;1320;padrão (sem PDF)
2026-06-05;junho;MESPACK C;1320;padrão (sem PDF)
2026-06-05;junho;MESPACK D;1320;padrão (sem PDF)
2026-06-05;junho;MESPACK E;1320;padrão (sem PDF)
2026-06-05;junho;MESPACK F;1320;padrão (sem PDF)
2026-06-05;junho;MESPACK R1;1320;padrão (sem PDF)
2026-06-05;junho;MESPACK R2;1320;padrão (sem PDF)
2026-06-05;junho;ENCHEDEIRA TOP DOWN;1320;padrão (sem PDF)
2026-06-05;junho;ENCHEDEIRA COPO/LATA;1320;padrão (sem PDF)
2026-06-05;junho;60L1;1320;padrão (sem PDF)
2026-06-05;junho;60L2;1320;padrão (sem PDF)
2026-06-05;junho;CONDOR;1320;padrão (sem PDF)
2026-06-05;junho;ENCAIXOTAMENTO VEGETAIS;1320;padrão (sem PDF)
2026-06-06;junho;MESPACK A;1320;padrão (sem PDF)
2026-06-06;junho;MESPACK B;1320;padrão (sem PDF)
2026-06-06;junho;MESPACK C;1320;padrão (sem PDF)
2026-06-06;junho;MESPACK D;1320;padrão (sem PDF)
2026-06-06;junho;MESPACK E;1320;padrão (sem PDF)
2026-06-06;junho;MESPACK F;1320;padrão (sem PDF)
2026-06-06;junho;MESPACK R1;1320;padrão (sem PDF)
2026-06-06;junho;MESPACK R2;1320;padrão (sem PDF)
2026-06-06;junho;ENCHEDEIRA TOP DOWN;1320;padrão (sem PDF)
2026-06-06;junho;ENCHEDEIRA COPO/LATA;1320;padrão (sem PDF)
2026-06-06;junho;60L1;1320;padrão (sem PDF)
2026-06-06;junho;60L2;1320;padrão (sem PDF)
2026-06-06;junho;CONDOR;1320;padrão (sem PDF)
2026-06-06;junho;ENCAIXOTAMENTO VEGETAIS;1320;padrão (sem PDF)
2026-06-08;junho;MESPACK A;1320;padrão (sem PDF)
2026-06-08;junho;MESPACK B;1320;padrão (sem PDF)
2026-06-08;junho;MESPACK C;1320;padrão (sem PDF)
2026-06-08;junho;MESPACK D;1320;padrão (sem PDF)
2026-06-08;junho;MESPACK E;1320;padrão (sem PDF)
2026-06-08;junho;MESPACK F;1320;padrão (sem PDF)
2026-06-08;junho;MESPACK R1;1320;padrão (sem PDF)
2026-06-08;junho;MESPACK R2;1320;padrão (sem PDF)
2026-06-08;junho;ENCHEDEIRA TOP DOWN;1320;padrão (sem PDF)
2026-06-08;junho;ENCHEDEIRA COPO/LATA;1320;padrão (sem PDF)
2026-06-08;junho;60L1;1320;padrão (sem PDF)
2026-06-08;junho;60L2;1320;padrão (sem PDF)
2026-06-08;junho;CONDOR;1320;padrão (sem PDF)
2026-06-08;junho;ENCAIXOTAMENTO VEGETAIS;1320;padrão (sem PDF)
2026-06-09;junho;MESPACK A;1320;padrão (sem PDF)
2026-06-09;junho;MESPACK B;1320;padrão (sem PDF)
2026-06-09;junho;MESPACK C;1320;padrão (sem PDF)
2026-06-09;junho;MESPACK D;1320;padrão (sem PDF)
2026-06-09;junho;MESPACK E;1320;padrão (sem PDF)
2026-06-09;junho;MESPACK F;1320;padrão (sem PDF)
2026-06-09;junho;MESPACK R1;1320;padrão (sem PDF)
2026-06-09;junho;MESPACK R2;1320;padrão (sem PDF)
2026-06-09;junho;ENCHEDEIRA TOP DOWN;1320;padrão (sem PDF)
2026-06-09;junho;ENCHEDEIRA COPO/LATA;1320;padrão (sem PDF)
2026-06-09;junho;60L1;1320;padrão (sem PDF)
2026-06-09;junho;60L2;1320;padrão (sem PDF)
2026-06-09;junho;CONDOR;1320;padrão (sem PDF)
2026-06-09;junho;ENCAIXOTAMENTO VEGETAIS;1320;padrão (sem PDF)
2026-06-10;junho;MESPACK A;1320;padrão (sem PDF)
2026-06-10;junho;MESPACK B;1320;padrão (sem PDF)
2026-06-10;junho;MESPACK C;1320;padrão (sem PDF)
2026-06-10;junho;MESPACK D;1320;padrão (sem PDF)
2026-06-10;junho;MESPACK E;1320;padrão (sem PDF)
2026-06-10;junho;MESPACK F;1320;padrão (sem PDF)
2026-06-10;junho;MESPACK R1;1320;padrão (sem PDF)
2026-06-10;junho;MESPACK R2;1320;padrão (sem PDF)
2026-06-10;junho;ENCHEDEIRA TOP DOWN;1320;padrão (sem PDF)
2026-06-10;junho;ENCHEDEIRA COPO/LATA;1320;padrão (sem PDF)
2026-06-10;junho;60L1;1320;padrão (sem PDF)
2026-06-10;junho;60L2;1320;padrão (sem PDF)
2026-06-10;junho;CONDOR;1320;padrão (sem PDF)
2026-06-10;junho;ENCAIXOTAMENTO VEGETAIS;1320;padrão (sem PDF)
2026-06-11;junho;MESPACK A;1320;padrão (sem PDF)
2026-06-11;junho;MESPACK B;1320;padrão (sem PDF)
2026-06-11;junho;MESPACK C;1320;padrão (sem PDF)
2026-06-11;junho;MESPACK D;1320;padrão (sem PDF)
2026-06-11;junho;MESPACK E;1320;padrão (sem PDF)
2026-06-11;junho;MESPACK F;1320;padrão (sem PDF)
2026-06-11;junho;MESPACK R1;1320;padrão (sem PDF)
2026-06-11;junho;MESPACK R2;1320;padrão (sem PDF)
2026-06-11;junho;ENCHEDEIRA TOP DOWN;1320;padrão (sem PDF)
2026-06-11;junho;ENCHEDEIRA COPO/LATA;1320;padrão (sem PDF)
2026-06-11;junho;60L1;1320;padrão (sem PDF)
2026-06-11;junho;60L2;1320;padrão (sem PDF)
2026-06-11;junho;CONDOR;1320;padrão (sem PDF)
2026-06-11;junho;ENCAIXOTAMENTO VEGETAIS;1320;padrão (sem PDF)
2026-06-12;junho;MESPACK A;1320;padrão (sem PDF)
2026-06-12;junho;MESPACK B;1320;padrão (sem PDF)
2026-06-12;junho;MESPACK C;1320;padrão (sem PDF)
2026-06-12;junho;MESPACK D;1320;padrão (sem PDF)
2026-06-12;junho;MESPACK E;1320;padrão (sem PDF)
2026-06-12;junho;MESPACK F;1320;padrão (sem PDF)
2026-06-12;junho;MESPACK R1;1320;padrão (sem PDF)
2026-06-12;junho;MESPACK R2;1320;padrão (sem PDF)
2026-06-12;junho;ENCHEDEIRA TOP DOWN;1320;padrão (sem PDF)
2026-06-12;junho;ENCHEDEIRA COPO/LATA;1320;padrão (sem PDF)
2026-06-12;junho;60L1;1320;padrão (sem PDF)
2026-06-12;junho;60L2;1320;padrão (sem PDF)
2026-06-12;junho;CONDOR;1320;padrão (sem PDF)
2026-06-12;junho;ENCAIXOTAMENTO VEGETAIS;1320;padrão (sem PDF)
2026-06-13;junho;MESPACK A;1320;padrão (sem PDF)
2026-06-13;junho;MESPACK B;1320;padrão (sem PDF)
2026-06-13;junho;MESPACK C;1320;padrão (sem PDF)
2026-06-13;junho;MESPACK D;1320;padrão (sem PDF)
2026-06-13;junho;MESPACK E;1320;padrão (sem PDF)
2026-06-13;junho;MESPACK F;1320;padrão (sem PDF)
2026-06-13;junho;MESPACK R1;1320;padrão (sem PDF)
2026-06-13;junho;MESPACK R2;1320;padrão (sem PDF)
2026-06-13;junho;ENCHEDEIRA TOP DOWN;1320;padrão (sem PDF)
2026-06-13;junho;ENCHEDEIRA COPO/LATA;1320;padrão (sem PDF)
2026-06-13;junho;60L1;1320;padrão (sem PDF)
2026-06-13;junho;60L2;1320;padrão (sem PDF)
2026-06-13;junho;CONDOR;1320;padrão (sem PDF)
2026-06-13;junho;ENCAIXOTAMENTO VEGETAIS;1320;padrão (sem PDF)
2026-06-15;junho;MESPACK A;1320;padrão (sem PDF)
2026-06-15;junho;MESPACK B;1320;padrão (sem PDF)
2026-06-15;junho;MESPACK C;1320;padrão (sem PDF)
2026-06-15;junho;MESPACK D;1320;padrão (sem PDF)
2026-06-15;junho;MESPACK E;1320;padrão (sem PDF)
2026-06-15;junho;MESPACK F;1320;padrão (sem PDF)
2026-06-15;junho;MESPACK R1;1320;padrão (sem PDF)
2026-06-15;junho;MESPACK R2;1320;padrão (sem PDF)
2026-06-15;junho;ENCHEDEIRA TOP DOWN;1320;padrão (sem PDF)
2026-06-15;junho;ENCHEDEIRA COPO/LATA;1320;padrão (sem PDF)
2026-06-15;junho;60L1;1320;padrão (sem PDF)
2026-06-15;junho;60L2;1320;padrão (sem PDF)
2026-06-15;junho;CONDOR;1320;padrão (sem PDF)
2026-06-15;junho;ENCAIXOTAMENTO VEGETAIS;1320;padrão (sem PDF)
2026-06-16;junho;MESPACK A;1320;padrão (sem PDF)
2026-06-16;junho;MESPACK B;1320;padrão (sem PDF)
2026-06-16;junho;MESPACK C;1320;padrão (sem PDF)
2026-06-16;junho;MESPACK D;1320;padrão (sem PDF)
2026-06-16;junho;MESPACK E;1320;padrão (sem PDF)
2026-06-16;junho;MESPACK F;1320;padrão (sem PDF)
2026-06-16;junho;MESPACK R1;1320;padrão (sem PDF)
2026-06-16;junho;MESPACK R2;1320;padrão (sem PDF)
2026-06-16;junho;ENCHEDEIRA TOP DOWN;1320;padrão (sem PDF)
2026-06-16;junho;ENCHEDEIRA COPO/LATA;1320;padrão (sem PDF)
2026-06-16;junho;60L1;1320;padrão (sem PDF)
2026-06-16;junho;60L2;1320;padrão (sem PDF)
2026-06-16;junho;CONDOR;1320;padrão (sem PDF)
2026-06-16;junho;ENCAIXOTAMENTO VEGETAIS;1320;padrão (sem PDF)
2026-06-17;junho;MESPACK A;1320;padrão (sem PDF)
2026-06-17;junho;MESPACK B;1320;padrão (sem PDF)
2026-06-17;junho;MESPACK C;1320;padrão (sem PDF)
2026-06-17;junho;MESPACK D;1320;padrão (sem PDF)
2026-06-17;junho;MESPACK E;1320;padrão (sem PDF)
2026-06-17;junho;MESPACK F;1320;padrão (sem PDF)
2026-06-17;junho;MESPACK R1;1320;padrão (sem PDF)
2026-06-17;junho;MESPACK R2;1320;padrão (sem PDF)
2026-06-17;junho;ENCHEDEIRA TOP DOWN;1320;padrão (sem PDF)
2026-06-17;junho;ENCHEDEIRA COPO/LATA;1320;padrão (sem PDF)
2026-06-17;junho;60L1;1320;padrão (sem PDF)
2026-06-17;junho;60L2;1320;padrão (sem PDF)
2026-06-17;junho;CONDOR;1320;padrão (sem PDF)
2026-06-17;junho;ENCAIXOTAMENTO VEGETAIS;1320;padrão (sem PDF)
2026-06-18;junho;MESPACK A;1320;padrão (sem PDF)
2026-06-18;junho;MESPACK B;1320;padrão (sem PDF)
2026-06-18;junho;MESPACK C;1320;padrão (sem PDF)
2026-06-18;junho;MESPACK D;1320;padrão (sem PDF)
2026-06-18;junho;MESPACK E;1320;padrão (sem PDF)
2026-06-18;junho;MESPACK F;1320;padrão (sem PDF)
2026-06-18;junho;MESPACK R1;1320;padrão (sem PDF)
2026-06-18;junho;MESPACK R2;1320;padrão (sem PDF)
2026-06-18;junho;ENCHEDEIRA TOP DOWN;1320;padrão (sem PDF)
2026-06-18;junho;ENCHEDEIRA COPO/LATA;1320;padrão (sem PDF)
2026-06-18;junho;60L1;1320;padrão (sem PDF)
2026-06-18;junho;60L2;1320;padrão (sem PDF)
2026-06-18;junho;CONDOR;1320;padrão (sem PDF)
2026-06-18;junho;ENCAIXOTAMENTO VEGETAIS;1320;padrão (sem PDF)
2026-06-19;junho;MESPACK A;1320;padrão (sem PDF)
2026-06-19;junho;MESPACK B;1320;padrão (sem PDF)
2026-06-19;junho;MESPACK C;1320;padrão (sem PDF)
2026-06-19;junho;MESPACK D;1320;padrão (sem PDF)
2026-06-19;junho;MESPACK E;1320;padrão (sem PDF)
2026-06-19;junho;MESPACK F;1320;padrão (sem PDF)
2026-06-19;junho;MESPACK R1;1320;padrão (sem PDF)
2026-06-19;junho;MESPACK R2;1320;padrão (sem PDF)
2026-06-19;junho;ENCHEDEIRA TOP DOWN;1320;padrão (sem PDF)
2026-06-19;junho;ENCHEDEIRA COPO/LATA;1320;padrão (sem PDF)
2026-06-19;junho;60L1;1320;padrão (sem PDF)
2026-06-19;junho;60L2;1320;padrão (sem PDF)
2026-06-19;junho;CONDOR;1320;padrão (sem PDF)
2026-06-19;junho;ENCAIXOTAMENTO VEGETAIS;1320;padrão (sem PDF)
2026-06-20;junho;MESPACK A;1320;padrão (sem PDF)
2026-06-20;junho;MESPACK B;1320;padrão (sem PDF)
2026-06-20;junho;MESPACK C;1320;padrão (sem PDF)
2026-06-20;junho;MESPACK D;1320;padrão (sem PDF)
2026-06-20;junho;MESPACK E;1320;padrão (sem PDF)
2026-06-20;junho;MESPACK F;1320;padrão (sem PDF)
2026-06-20;junho;MESPACK R1;1320;padrão (sem PDF)
2026-06-20;junho;MESPACK R2;1320;padrão (sem PDF)
2026-06-20;junho;ENCHEDEIRA TOP DOWN;1320;padrão (sem PDF)
2026-06-20;junho;ENCHEDEIRA COPO/LATA;1320;padrão (sem PDF)
2026-06-20;junho;60L1;1320;padrão (sem PDF)
2026-06-20;junho;60L2;1320;padrão (sem PDF)
2026-06-20;junho;CONDOR;1320;padrão (sem PDF)
2026-06-20;junho;ENCAIXOTAMENTO VEGETAIS;1320;padrão (sem PDF)
2026-06-22;junho;MESPACK A;1320;padrão (sem PDF)
2026-06-22;junho;MESPACK B;1320;padrão (sem PDF)
2026-06-22;junho;MESPACK C;1320;padrão (sem PDF)
2026-06-22;junho;MESPACK D;1320;padrão (sem PDF)
2026-06-22;junho;MESPACK E;1320;padrão (sem PDF)
2026-06-22;junho;MESPACK F;1320;padrão (sem PDF)
2026-06-22;junho;MESPACK R1;1320;padrão (sem PDF)
2026-06-22;junho;MESPACK R2;1320;padrão (sem PDF)
2026-06-22;junho;ENCHEDEIRA TOP DOWN;1320;padrão (sem PDF)
2026-06-22;junho;ENCHEDEIRA COPO/LATA;1320;padrão (sem PDF)
2026-06-22;junho;60L1;1320;padrão (sem PDF)
2026-06-22;junho;60L2;1320;padrão (sem PDF)
2026-06-22;junho;CONDOR;1320;padrão (sem PDF)
2026-06-22;junho;ENCAIXOTAMENTO VEGETAIS;1320;padrão (sem PDF)
2026-06-23;junho;MESPACK A;1320;padrão (sem PDF)
2026-06-23;junho;MESPACK B;1320;padrão (sem PDF)
2026-06-23;junho;MESPACK C;1320;padrão (sem PDF)
2026-06-23;junho;MESPACK D;1320;padrão (sem PDF)
2026-06-23;junho;MESPACK E;1320;padrão (sem PDF)
2026-06-23;junho;MESPACK F;1320;padrão (sem PDF)
2026-06-23;junho;MESPACK R1;1320;padrão (sem PDF)
2026-06-23;junho;MESPACK R2;1320;padrão (sem PDF)
2026-06-23;junho;ENCHEDEIRA TOP DOWN;1320;padrão (sem PDF)
2026-06-23;junho;ENCHEDEIRA COPO/LATA;1320;padrão (sem PDF)
2026-06-23;junho;60L1;1320;padrão (sem PDF)
2026-06-23;junho;60L2;1320;padrão (sem PDF)
2026-06-23;junho;CONDOR;1320;padrão (sem PDF)
2026-06-23;junho;ENCAIXOTAMENTO VEGETAIS;1320;padrão (sem PDF)
2026-06-24;junho;MESPACK A;1320;padrão (sem PDF)
2026-06-24;junho;MESPACK B;1320;padrão (sem PDF)
2026-06-24;junho;MESPACK C;1320;padrão (sem PDF)
2026-06-24;junho;MESPACK D;1320;padrão (sem PDF)
2026-06-24;junho;MESPACK E;1320;padrão (sem PDF)
2026-06-24;junho;MESPACK F;1320;padrão (sem PDF)
2026-06-24;junho;MESPACK R1;1320;padrão (sem PDF)
2026-06-24;junho;MESPACK R2;1320;padrão (sem PDF)
2026-06-24;junho;ENCHEDEIRA TOP DOWN;1320;padrão (sem PDF)
2026-06-24;junho;ENCHEDEIRA COPO/LATA;1320;padrão (sem PDF)
2026-06-24;junho;60L1;1320;padrão (sem PDF)
2026-06-24;junho;60L2;1320;padrão (sem PDF)
2026-06-24;junho;CONDOR;1320;padrão (sem PDF)
2026-06-24;junho;ENCAIXOTAMENTO VEGETAIS;1320;padrão (sem PDF)
2026-06-25;junho;MESPACK A;1320;padrão (sem PDF)
2026-06-25;junho;MESPACK B;1320;padrão (sem PDF)
2026-06-25;junho;MESPACK C;1320;padrão (sem PDF)
2026-06-25;junho;MESPACK D;1320;padrão (sem PDF)
2026-06-25;junho;MESPACK E;1320;padrão (sem PDF)
2026-06-25;junho;MESPACK F;1320;padrão (sem PDF)
2026-06-25;junho;MESPACK R1;1320;padrão (sem PDF)
2026-06-25;junho;MESPACK R2;1320;padrão (sem PDF)
2026-06-25;junho;ENCHEDEIRA TOP DOWN;1320;padrão (sem PDF)
2026-06-25;junho;ENCHEDEIRA COPO/LATA;1320;padrão (sem PDF)
2026-06-25;junho;60L1;1320;padrão (sem PDF)
2026-06-25;junho;60L2;1320;padrão (sem PDF)
2026-06-25;junho;CONDOR;1320;padrão (sem PDF)
2026-06-25;junho;ENCAIXOTAMENTO VEGETAIS;1320;padrão (sem PDF)
2026-06-26;junho;MESPACK A;1320;padrão (sem PDF)
2026-06-26;junho;MESPACK B;1320;padrão (sem PDF)
2026-06-26;junho;MESPACK C;1320;padrão (sem PDF)
2026-06-26;junho;MESPACK D;1320;padrão (sem PDF)
2026-06-26;junho;MESPACK E;1320;padrão (sem PDF)
2026-06-26;junho;MESPACK F;1320;padrão (sem PDF)
2026-06-26;junho;MESPACK R1;1320;padrão (sem PDF)
2026-06-26;junho;MESPACK R2;1320;padrão (sem PDF)
2026-06-26;junho;ENCHEDEIRA TOP DOWN;1320;padrão (sem PDF)
2026-06-26;junho;ENCHEDEIRA COPO/LATA;1320;padrão (sem PDF)
2026-06-26;junho;60L1;1320;padrão (sem PDF)
2026-06-26;junho;60L2;1320;padrão (sem PDF)
2026-06-26;junho;CONDOR;1320;padrão (sem PDF)
2026-06-26;junho;ENCAIXOTAMENTO VEGETAIS;1320;padrão (sem PDF)
2026-06-27;junho;MESPACK A;1320;padrão (sem PDF)
2026-06-27;junho;MESPACK B;1320;padrão (sem PDF)
2026-06-27;junho;MESPACK C;1320;padrão (sem PDF)
2026-06-27;junho;MESPACK D;1320;padrão (sem PDF)
2026-06-27;junho;MESPACK E;1320;padrão (sem PDF)
2026-06-27;junho;MESPACK F;1320;padrão (sem PDF)
2026-06-27;junho;MESPACK R1;1320;padrão (sem PDF)
2026-06-27;junho;MESPACK R2;1320;padrão (sem PDF)
2026-06-27;junho;ENCHEDEIRA TOP DOWN;1320;padrão (sem PDF)
2026-06-27;junho;ENCHEDEIRA COPO/LATA;1320;padrão (sem PDF)
2026-06-27;junho;60L1;1320;padrão (sem PDF)
2026-06-27;junho;60L2;1320;padrão (sem PDF)
2026-06-27;junho;CONDOR;1320;padrão (sem PDF)
2026-06-27;junho;ENCAIXOTAMENTO VEGETAIS;1320;padrão (sem PDF)
2026-06-29;junho;MESPACK A;1320;padrão (sem PDF)
2026-06-29;junho;MESPACK B;1320;padrão (sem PDF)
2026-06-29;junho;MESPACK C;1320;padrão (sem PDF)
2026-06-29;junho;MESPACK D;1320;padrão (sem PDF)
2026-06-29;junho;MESPACK E;1320;padrão (sem PDF)
2026-06-29;junho;MESPACK F;1320;padrão (sem PDF)
2026-06-29;junho;MESPACK R1;1320;padrão (sem PDF)
2026-06-29;junho;MESPACK R2;1320;padrão (sem PDF)
2026-06-29;junho;ENCHEDEIRA TOP DOWN;1320;padrão (sem PDF)
2026-06-29;junho;ENCHEDEIRA COPO/LATA;1320;padrão (sem PDF)
2026-06-29;junho;60L1;1320;padrão (sem PDF)
2026-06-29;junho;60L2;1320;padrão (sem PDF)
2026-06-29;junho;CONDOR;1320;padrão (sem PDF)
2026-06-29;junho;ENCAIXOTAMENTO VEGETAIS;1320;padrão (sem PDF)
2026-06-30;junho;MESPACK A;1320;padrão (sem PDF)
2026-06-30;junho;MESPACK B;1320;padrão (sem PDF)
2026-06-30;junho;MESPACK C;1320;padrão (sem PDF)
2026-06-30;junho;MESPACK D;1320;padrão (sem PDF)
2026-06-30;junho;MESPACK E;1320;padrão (sem PDF)
2026-06-30;junho;MESPACK F;1320;padrão (sem PDF)
2026-06-30;junho;MESPACK R1;1320;padrão (sem PDF)
2026-06-30;junho;MESPACK R2;1320;padrão (sem PDF)
2026-06-30;junho;ENCHEDEIRA TOP DOWN;1320;padrão (sem PDF)
2026-06-30;junho;ENCHEDEIRA COPO/LATA;1320;padrão (sem PDF)
2026-06-30;junho;60L1;1320;padrão (sem PDF)
2026-06-30;junho;60L2;1320;padrão (sem PDF)
2026-06-30;junho;CONDOR;1320;padrão (sem PDF)
2026-06-30;junho;ENCAIXOTAMENTO VEGETAIS;1320;padrão (sem PDF)
2026-07-01;julho;MESPACK A;1320;padrão (sem PDF)
2026-07-01;julho;MESPACK B;1320;padrão (sem PDF)
2026-07-01;julho;MESPACK C;1320;padrão (sem PDF)
2026-07-01;julho;MESPACK D;1320;padrão (sem PDF)
2026-07-01;julho;MESPACK E;1320;padrão (sem PDF)
2026-07-01;julho;MESPACK F;1320;padrão (sem PDF)
2026-07-01;julho;MESPACK R1;1320;padrão (sem PDF)
2026-07-01;julho;MESPACK R2;1320;padrão (sem PDF)
2026-07-01;julho;ENCHEDEIRA TOP DOWN;1320;padrão (sem PDF)
2026-07-01;julho;ENCHEDEIRA COPO/LATA;1320;padrão (sem PDF)
2026-07-01;julho;60L1;1320;padrão (sem PDF)
2026-07-01;julho;60L2;1320;padrão (sem PDF)
2026-07-01;julho;CONDOR;1320;padrão (sem PDF)
2026-07-01;julho;ENCAIXOTAMENTO VEGETAIS;1320;padrão (sem PDF)
2026-07-02;julho;MESPACK A;1320;padrão (sem PDF)
2026-07-02;julho;MESPACK B;1320;padrão (sem PDF)
2026-07-02;julho;MESPACK C;1320;padrão (sem PDF)
2026-07-02;julho;MESPACK D;1320;padrão (sem PDF)
2026-07-02;julho;MESPACK E;1320;padrão (sem PDF)
2026-07-02;julho;MESPACK F;1320;padrão (sem PDF)
2026-07-02;julho;MESPACK R1;1320;padrão (sem PDF)
2026-07-02;julho;MESPACK R2;1320;padrão (sem PDF)
2026-07-02;julho;ENCHEDEIRA TOP DOWN;1320;padrão (sem PDF)
2026-07-02;julho;ENCHEDEIRA COPO/LATA;1320;padrão (sem PDF)
2026-07-02;julho;60L1;1320;padrão (sem PDF)
2026-07-02;julho;60L2;1320;padrão (sem PDF)
2026-07-02;julho;CONDOR;1320;padrão (sem PDF)
2026-07-02;julho;ENCAIXOTAMENTO VEGETAIS;1320;padrão (sem PDF)
2026-07-03;julho;MESPACK A;1320;padrão (sem PDF)
2026-07-03;julho;MESPACK B;1320;padrão (sem PDF)
2026-07-03;julho;MESPACK C;1320;padrão (sem PDF)
2026-07-03;julho;MESPACK D;1320;padrão (sem PDF)
2026-07-03;julho;MESPACK E;1320;padrão (sem PDF)
2026-07-03;julho;MESPACK F;1320;padrão (sem PDF)
2026-07-03;julho;MESPACK R1;1320;padrão (sem PDF)
2026-07-03;julho;MESPACK R2;1320;padrão (sem PDF)
2026-07-03;julho;ENCHEDEIRA TOP DOWN;1320;padrão (sem PDF)
2026-07-03;julho;ENCHEDEIRA COPO/LATA;1320;padrão (sem PDF)
2026-07-03;julho;60L1;1320;padrão (sem PDF)
2026-07-03;julho;60L2;1320;padrão (sem PDF)
2026-07-03;julho;CONDOR;1320;padrão (sem PDF)
2026-07-03;julho;ENCAIXOTAMENTO VEGETAIS;1320;padrão (sem PDF)
2026-07-04;julho;MESPACK A;1320;padrão (sem PDF)
2026-07-04;julho;MESPACK B;1320;padrão (sem PDF)
2026-07-04;julho;MESPACK C;1320;padrão (sem PDF)
2026-07-04;julho;MESPACK D;1320;padrão (sem PDF)
2026-07-04;julho;MESPACK E;1320;padrão (sem PDF)
2026-07-04;julho;MESPACK F;1320;padrão (sem PDF)
2026-07-04;julho;MESPACK R1;1320;padrão (sem PDF)
2026-07-04;julho;MESPACK R2;1320;padrão (sem PDF)
2026-07-04;julho;ENCHEDEIRA TOP DOWN;1320;padrão (sem PDF)
2026-07-04;julho;ENCHEDEIRA COPO/LATA;1320;padrão (sem PDF)
2026-07-04;julho;60L1;1320;padrão (sem PDF)
2026-07-04;julho;60L2;1320;padrão (sem PDF)
2026-07-04;julho;CONDOR;1320;padrão (sem PDF)
2026-07-04;julho;ENCAIXOTAMENTO VEGETAIS;1320;padrão (sem PDF)
2026-07-06;julho;MESPACK A;1320;padrão (sem PDF)
2026-07-06;julho;MESPACK B;1320;padrão (sem PDF)
2026-07-06;julho;MESPACK C;1320;padrão (sem PDF)
2026-07-06;julho;MESPACK D;1320;padrão (sem PDF)
2026-07-06;julho;MESPACK E;1320;padrão (sem PDF)
2026-07-06;julho;MESPACK F;1320;padrão (sem PDF)
2026-07-06;julho;MESPACK R1;1320;padrão (sem PDF)
2026-07-06;julho;MESPACK R2;1320;padrão (sem PDF)
2026-07-06;julho;ENCHEDEIRA TOP DOWN;1320;padrão (sem PDF)
2026-07-06;julho;ENCHEDEIRA COPO/LATA;1320;padrão (sem PDF)
2026-07-06;julho;60L1;1320;padrão (sem PDF)
2026-07-06;julho;60L2;1320;padrão (sem PDF)
2026-07-06;julho;CONDOR;1320;padrão (sem PDF)
2026-07-06;julho;ENCAIXOTAMENTO VEGETAIS;1320;padrão (sem PDF)
2026-07-07;julho;MESPACK A;1320;padrão (sem PDF)
2026-07-07;julho;MESPACK B;1320;padrão (sem PDF)
2026-07-07;julho;MESPACK C;1320;padrão (sem PDF)
2026-07-07;julho;MESPACK D;1320;padrão (sem PDF)
2026-07-07;julho;MESPACK E;1320;padrão (sem PDF)
2026-07-07;julho;MESPACK F;1320;padrão (sem PDF)
2026-07-07;julho;MESPACK R1;1320;padrão (sem PDF)
2026-07-07;julho;MESPACK R2;1320;padrão (sem PDF)
2026-07-07;julho;ENCHEDEIRA TOP DOWN;1320;padrão (sem PDF)
2026-07-07;julho;ENCHEDEIRA COPO/LATA;1320;padrão (sem PDF)
2026-07-07;julho;60L1;1320;padrão (sem PDF)
2026-07-07;julho;60L2;1320;padrão (sem PDF)
2026-07-07;julho;CONDOR;1320;padrão (sem PDF)
2026-07-07;julho;ENCAIXOTAMENTO VEGETAIS;1320;padrão (sem PDF)
2026-07-08;julho;MESPACK A;1320;padrão (sem PDF)
2026-07-08;julho;MESPACK B;1320;padrão (sem PDF)
2026-07-08;julho;MESPACK C;1320;padrão (sem PDF)
2026-07-08;julho;MESPACK D;1320;padrão (sem PDF)
2026-07-08;julho;MESPACK E;1320;padrão (sem PDF)
2026-07-08;julho;MESPACK F;1320;padrão (sem PDF)
2026-07-08;julho;MESPACK R1;1320;padrão (sem PDF)
2026-07-08;julho;MESPACK R2;1320;padrão (sem PDF)
2026-07-08;julho;ENCHEDEIRA TOP DOWN;1320;padrão (sem PDF)
2026-07-08;julho;ENCHEDEIRA COPO/LATA;1320;padrão (sem PDF)
2026-07-08;julho;60L1;1320;padrão (sem PDF)
2026-07-08;julho;60L2;1320;padrão (sem PDF)
2026-07-08;julho;CONDOR;1320;padrão (sem PDF)
2026-07-08;julho;ENCAIXOTAMENTO VEGETAIS;1320;padrão (sem PDF)
2026-07-09;julho;MESPACK A;1320;padrão (sem PDF)
2026-07-09;julho;MESPACK B;1320;padrão (sem PDF)
2026-07-09;julho;MESPACK C;1320;padrão (sem PDF)
2026-07-09;julho;MESPACK D;1320;padrão (sem PDF)
2026-07-09;julho;MESPACK E;1320;padrão (sem PDF)
2026-07-09;julho;MESPACK F;1320;padrão (sem PDF)
2026-07-09;julho;MESPACK R1;1320;padrão (sem PDF)
2026-07-09;julho;MESPACK R2;1320;padrão (sem PDF)
2026-07-09;julho;ENCHEDEIRA TOP DOWN;1320;padrão (sem PDF)
2026-07-09;julho;ENCHEDEIRA COPO/LATA;1320;padrão (sem PDF)
2026-07-09;julho;60L1;1320;padrão (sem PDF)
2026-07-09;julho;60L2;1320;padrão (sem PDF)
2026-07-09;julho;CONDOR;1320;padrão (sem PDF)
2026-07-09;julho;ENCAIXOTAMENTO VEGETAIS;1320;padrão (sem PDF)
2026-07-10;julho;MESPACK A;1320;padrão (sem PDF)
2026-07-10;julho;MESPACK B;1320;padrão (sem PDF)
2026-07-10;julho;MESPACK C;1320;padrão (sem PDF)
2026-07-10;julho;MESPACK D;1320;padrão (sem PDF)
2026-07-10;julho;MESPACK E;1320;padrão (sem PDF)
2026-07-10;julho;MESPACK F;1320;padrão (sem PDF)
2026-07-10;julho;MESPACK R1;1320;padrão (sem PDF)
2026-07-10;julho;MESPACK R2;1320;padrão (sem PDF)
2026-07-10;julho;ENCHEDEIRA TOP DOWN;1320;padrão (sem PDF)
2026-07-10;julho;ENCHEDEIRA COPO/LATA;1320;padrão (sem PDF)
2026-07-10;julho;60L1;1320;padrão (sem PDF)
2026-07-10;julho;60L2;1320;padrão (sem PDF)
2026-07-10;julho;CONDOR;1320;padrão (sem PDF)
2026-07-10;julho;ENCAIXOTAMENTO VEGETAIS;1320;padrão (sem PDF)
2026-07-11;julho;MESPACK A;1320;padrão (sem PDF)
2026-07-11;julho;MESPACK B;1320;padrão (sem PDF)
2026-07-11;julho;MESPACK C;1320;padrão (sem PDF)
2026-07-11;julho;MESPACK D;1320;padrão (sem PDF)
2026-07-11;julho;MESPACK E;1320;padrão (sem PDF)
2026-07-11;julho;MESPACK F;1320;padrão (sem PDF)
2026-07-11;julho;MESPACK R1;1320;padrão (sem PDF)
2026-07-11;julho;MESPACK R2;1320;padrão (sem PDF)
2026-07-11;julho;ENCHEDEIRA TOP DOWN;1320;padrão (sem PDF)
2026-07-11;julho;ENCHEDEIRA COPO/LATA;1320;padrão (sem PDF)
2026-07-11;julho;60L1;1320;padrão (sem PDF)
2026-07-11;julho;60L2;1320;padrão (sem PDF)
2026-07-11;julho;CONDOR;1320;padrão (sem PDF)
2026-07-11;julho;ENCAIXOTAMENTO VEGETAIS;1320;padrão (sem PDF)
2026-07-13;julho;MESPACK A;1320;padrão (sem PDF)
2026-07-13;julho;MESPACK B;1320;padrão (sem PDF)
2026-07-13;julho;MESPACK C;1320;padrão (sem PDF)
2026-07-13;julho;MESPACK D;1320;padrão (sem PDF)
2026-07-13;julho;MESPACK E;1320;padrão (sem PDF)
2026-07-13;julho;MESPACK F;1320;padrão (sem PDF)
2026-07-13;julho;MESPACK R1;1320;padrão (sem PDF)
2026-07-13;julho;MESPACK R2;1320;padrão (sem PDF)
2026-07-13;julho;ENCHEDEIRA TOP DOWN;1320;padrão (sem PDF)
2026-07-13;julho;ENCHEDEIRA COPO/LATA;1320;padrão (sem PDF)
2026-07-13;julho;60L1;1320;padrão (sem PDF)
2026-07-13;julho;60L2;1320;padrão (sem PDF)
2026-07-13;julho;CONDOR;1320;padrão (sem PDF)
2026-07-13;julho;ENCAIXOTAMENTO VEGETAIS;1320;padrão (sem PDF)
2026-07-14;julho;MESPACK A;1320;padrão (sem PDF)
2026-07-14;julho;MESPACK B;1320;padrão (sem PDF)
2026-07-14;julho;MESPACK C;1320;padrão (sem PDF)
2026-07-14;julho;MESPACK D;1320;padrão (sem PDF)
2026-07-14;julho;MESPACK E;1320;padrão (sem PDF)
2026-07-14;julho;MESPACK F;1320;padrão (sem PDF)
2026-07-14;julho;MESPACK R1;1320;padrão (sem PDF)
2026-07-14;julho;MESPACK R2;1320;padrão (sem PDF)
2026-07-14;julho;ENCHEDEIRA TOP DOWN;1320;padrão (sem PDF)
2026-07-14;julho;ENCHEDEIRA COPO/LATA;1320;padrão (sem PDF)
2026-07-14;julho;60L1;1320;padrão (sem PDF)
2026-07-14;julho;60L2;1320;padrão (sem PDF)
2026-07-14;julho;CONDOR;1320;padrão (sem PDF)
2026-07-14;julho;ENCAIXOTAMENTO VEGETAIS;1320;padrão (sem PDF)
2026-07-15;julho;MESPACK A;1320;padrão (sem PDF)
2026-07-15;julho;MESPACK B;1320;padrão (sem PDF)
2026-07-15;julho;MESPACK C;1320;padrão (sem PDF)
2026-07-15;julho;MESPACK D;1320;padrão (sem PDF)
2026-07-15;julho;MESPACK E;1320;padrão (sem PDF)
2026-07-15;julho;MESPACK F;1320;padrão (sem PDF)
2026-07-15;julho;MESPACK R1;1320;padrão (sem PDF)
2026-07-15;julho;MESPACK R2;1320;padrão (sem PDF)
2026-07-15;julho;ENCHEDEIRA TOP DOWN;1320;padrão (sem PDF)
2026-07-15;julho;ENCHEDEIRA COPO/LATA;1320;padrão (sem PDF)
2026-07-15;julho;60L1;1320;padrão (sem PDF)
2026-07-15;julho;60L2;1320;padrão (sem PDF)
2026-07-15;julho;CONDOR;1320;padrão (sem PDF)
2026-07-15;julho;ENCAIXOTAMENTO VEGETAIS;1320;padrão (sem PDF)
2026-07-16;julho;MESPACK A;1320;padrão (sem PDF)
2026-07-16;julho;MESPACK B;1320;padrão (sem PDF)
2026-07-16;julho;MESPACK C;1320;padrão (sem PDF)
2026-07-16;julho;MESPACK D;1320;padrão (sem PDF)
2026-07-16;julho;MESPACK E;1320;padrão (sem PDF)
2026-07-16;julho;MESPACK F;1320;padrão (sem PDF)
2026-07-16;julho;MESPACK R1;1320;padrão (sem PDF)
2026-07-16;julho;MESPACK R2;1320;padrão (sem PDF)
2026-07-16;julho;ENCHEDEIRA TOP DOWN;1320;padrão (sem PDF)
2026-07-16;julho;ENCHEDEIRA COPO/LATA;1320;padrão (sem PDF)
2026-07-16;julho;60L1;1320;padrão (sem PDF)
2026-07-16;julho;60L2;1320;padrão (sem PDF)
2026-07-16;julho;CONDOR;1320;padrão (sem PDF)
2026-07-16;julho;ENCAIXOTAMENTO VEGETAIS;1320;padrão (sem PDF)
2026-07-17;julho;MESPACK A;1320;padrão (sem PDF)
2026-07-17;julho;MESPACK B;1320;padrão (sem PDF)
2026-07-17;julho;MESPACK C;1320;padrão (sem PDF)
2026-07-17;julho;MESPACK D;1320;padrão (sem PDF)
2026-07-17;julho;MESPACK E;1320;padrão (sem PDF)
2026-07-17;julho;MESPACK F;1320;padrão (sem PDF)
2026-07-17;julho;MESPACK R1;1320;padrão (sem PDF)
2026-07-17;julho;MESPACK R2;1320;padrão (sem PDF)
2026-07-17;julho;ENCHEDEIRA TOP DOWN;1320;padrão (sem PDF)
2026-07-17;julho;ENCHEDEIRA COPO/LATA;1320;padrão (sem PDF)
2026-07-17;julho;60L1;1320;padrão (sem PDF)
2026-07-17;julho;60L2;1320;padrão (sem PDF)
2026-07-17;julho;CONDOR;1320;padrão (sem PDF)
2026-07-17;julho;ENCAIXOTAMENTO VEGETAIS;1320;padrão (sem PDF)
2026-07-18;julho;MESPACK A;1320;padrão (sem PDF)
2026-07-18;julho;MESPACK B;1320;padrão (sem PDF)
2026-07-18;julho;MESPACK C;1320;padrão (sem PDF)
2026-07-18;julho;MESPACK D;1320;padrão (sem PDF)
2026-07-18;julho;MESPACK E;1320;padrão (sem PDF)
2026-07-18;julho;MESPACK F;1320;padrão (sem PDF)
2026-07-18;julho;MESPACK R1;1320;padrão (sem PDF)
2026-07-18;julho;MESPACK R2;1320;padrão (sem PDF)
2026-07-18;julho;ENCHEDEIRA TOP DOWN;1320;padrão (sem PDF)
2026-07-18;julho;ENCHEDEIRA COPO/LATA;1320;padrão (sem PDF)
2026-07-18;julho;60L1;1320;padrão (sem PDF)
2026-07-18;julho;60L2;1320;padrão (sem PDF)
2026-07-18;julho;CONDOR;1320;padrão (sem PDF)
2026-07-18;julho;ENCAIXOTAMENTO VEGETAIS;1320;padrão (sem PDF)
2026-07-20;julho;MESPACK A;1320;padrão (sem PDF)
2026-07-20;julho;MESPACK B;1320;padrão (sem PDF)
2026-07-20;julho;MESPACK C;1320;padrão (sem PDF)
2026-07-20;julho;MESPACK D;1320;padrão (sem PDF)
2026-07-20;julho;MESPACK E;1320;padrão (sem PDF)
2026-07-20;julho;MESPACK F;1320;padrão (sem PDF)
2026-07-20;julho;MESPACK R1;1320;padrão (sem PDF)
2026-07-20;julho;MESPACK R2;1320;padrão (sem PDF)
2026-07-20;julho;ENCHEDEIRA TOP DOWN;1320;padrão (sem PDF)
2026-07-20;julho;ENCHEDEIRA COPO/LATA;1320;padrão (sem PDF)
2026-07-20;julho;60L1;1320;padrão (sem PDF)
2026-07-20;julho;60L2;1320;padrão (sem PDF)
2026-07-20;julho;CONDOR;1320;padrão (sem PDF)
2026-07-20;julho;ENCAIXOTAMENTO VEGETAIS;1320;padrão (sem PDF)
2026-07-21;julho;MESPACK A;1320;padrão (sem PDF)
2026-07-21;julho;MESPACK B;1320;padrão (sem PDF)
2026-07-21;julho;MESPACK C;1320;padrão (sem PDF)
2026-07-21;julho;MESPACK D;1320;padrão (sem PDF)
2026-07-21;julho;MESPACK E;1320;padrão (sem PDF)
2026-07-21;julho;MESPACK F;1320;padrão (sem PDF)
2026-07-21;julho;MESPACK R1;1320;padrão (sem PDF)
2026-07-21;julho;MESPACK R2;1320;padrão (sem PDF)
2026-07-21;julho;ENCHEDEIRA TOP DOWN;1320;padrão (sem PDF)
2026-07-21;julho;ENCHEDEIRA COPO/LATA;1320;padrão (sem PDF)
2026-07-21;julho;60L1;1320;padrão (sem PDF)
2026-07-21;julho;60L2;1320;padrão (sem PDF)
2026-07-21;julho;CONDOR;1320;padrão (sem PDF)
2026-07-21;julho;ENCAIXOTAMENTO VEGETAIS;1320;padrão (sem PDF)
2026-07-22;julho;MESPACK A;1320;padrão (sem PDF)
2026-07-22;julho;MESPACK B;1320;padrão (sem PDF)
2026-07-22;julho;MESPACK C;1320;padrão (sem PDF)
2026-07-22;julho;MESPACK D;1320;padrão (sem PDF)
2026-07-22;julho;MESPACK E;1320;padrão (sem PDF)
2026-07-22;julho;MESPACK F;1320;padrão (sem PDF)
2026-07-22;julho;MESPACK R1;1320;padrão (sem PDF)
2026-07-22;julho;MESPACK R2;1320;padrão (sem PDF)
2026-07-22;julho;ENCHEDEIRA TOP DOWN;1320;padrão (sem PDF)
2026-07-22;julho;ENCHEDEIRA COPO/LATA;1320;padrão (sem PDF)
2026-07-22;julho;60L1;1320;padrão (sem PDF)
2026-07-22;julho;60L2;1320;padrão (sem PDF)
2026-07-22;julho;CONDOR;1320;padrão (sem PDF)
2026-07-22;julho;ENCAIXOTAMENTO VEGETAIS;1320;padrão (sem PDF)
2026-07-23;julho;MESPACK A;1320;padrão (sem PDF)
2026-07-23;julho;MESPACK B;1320;padrão (sem PDF)
2026-07-23;julho;MESPACK C;1320;padrão (sem PDF)
2026-07-23;julho;MESPACK D;1320;padrão (sem PDF)
2026-07-23;julho;MESPACK E;1320;padrão (sem PDF)
2026-07-23;julho;MESPACK F;1320;padrão (sem PDF)
2026-07-23;julho;MESPACK R1;1320;padrão (sem PDF)
2026-07-23;julho;MESPACK R2;1320;padrão (sem PDF)
2026-07-23;julho;ENCHEDEIRA TOP DOWN;1320;padrão (sem PDF)
2026-07-23;julho;ENCHEDEIRA COPO/LATA;1320;padrão (sem PDF)
2026-07-23;julho;60L1;1320;padrão (sem PDF)
2026-07-23;julho;60L2;1320;padrão (sem PDF)
2026-07-23;julho;CONDOR;1320;padrão (sem PDF)
2026-07-23;julho;ENCAIXOTAMENTO VEGETAIS;1320;padrão (sem PDF)
2026-07-24;julho;MESPACK A;1320;padrão (sem PDF)
2026-07-24;julho;MESPACK B;1320;padrão (sem PDF)
2026-07-24;julho;MESPACK C;1320;padrão (sem PDF)
2026-07-24;julho;MESPACK D;1320;padrão (sem PDF)
2026-07-24;julho;MESPACK E;1320;padrão (sem PDF)
2026-07-24;julho;MESPACK F;1320;padrão (sem PDF)
2026-07-24;julho;MESPACK R1;1320;padrão (sem PDF)
2026-07-24;julho;MESPACK R2;1320;padrão (sem PDF)
2026-07-24;julho;ENCHEDEIRA TOP DOWN;1320;padrão (sem PDF)
2026-07-24;julho;ENCHEDEIRA COPO/LATA;1320;padrão (sem PDF)
2026-07-24;julho;60L1;1320;padrão (sem PDF)
2026-07-24;julho;60L2;1320;padrão (sem PDF)
2026-07-24;julho;CONDOR;1320;padrão (sem PDF)
2026-07-24;julho;ENCAIXOTAMENTO VEGETAIS;1320;padrão (sem PDF)
2026-07-25;julho;MESPACK A;1320;padrão (sem PDF)
2026-07-25;julho;MESPACK B;1320;padrão (sem PDF)
2026-07-25;julho;MESPACK C;1320;padrão (sem PDF)
2026-07-25;julho;MESPACK D;1320;padrão (sem PDF)
2026-07-25;julho;MESPACK E;1320;padrão (sem PDF)
2026-07-25;julho;MESPACK F;1320;padrão (sem PDF)
2026-07-25;julho;MESPACK R1;1320;padrão (sem PDF)
2026-07-25;julho;MESPACK R2;1320;padrão (sem PDF)
2026-07-25;julho;ENCHEDEIRA TOP DOWN;1320;padrão (sem PDF)
2026-07-25;julho;ENCHEDEIRA COPO/LATA;1320;padrão (sem PDF)
2026-07-25;julho;60L1;1320;padrão (sem PDF)
2026-07-25;julho;60L2;1320;padrão (sem PDF)
2026-07-25;julho;CONDOR;1320;padrão (sem PDF)
2026-07-25;julho;ENCAIXOTAMENTO VEGETAIS;1320;padrão (sem PDF)
2026-07-27;julho;MESPACK A;1320;padrão (sem PDF)
2026-07-27;julho;MESPACK B;1320;padrão (sem PDF)
2026-07-27;julho;MESPACK C;1320;padrão (sem PDF)
2026-07-27;julho;MESPACK D;1320;padrão (sem PDF)
2026-07-27;julho;MESPACK E;1320;padrão (sem PDF)
2026-07-27;julho;MESPACK F;1320;padrão (sem PDF)
2026-07-27;julho;MESPACK R1;1320;padrão (sem PDF)
2026-07-27;julho;MESPACK R2;1320;padrão (sem PDF)
2026-07-27;julho;ENCHEDEIRA TOP DOWN;1320;padrão (sem PDF)
2026-07-27;julho;ENCHEDEIRA COPO/LATA;1320;padrão (sem PDF)
2026-07-27;julho;60L1;1320;padrão (sem PDF)
2026-07-27;julho;60L2;1320;padrão (sem PDF)
2026-07-27;julho;CONDOR;1320;padrão (sem PDF)
2026-07-27;julho;ENCAIXOTAMENTO VEGETAIS;1320;padrão (sem PDF)
2026-07-28;julho;MESPACK A;1320;padrão (sem PDF)
2026-07-28;julho;MESPACK B;1320;padrão (sem PDF)
2026-07-28;julho;MESPACK C;1320;padrão (sem PDF)
2026-07-28;julho;MESPACK D;1320;padrão (sem PDF)
2026-07-28;julho;MESPACK E;1320;padrão (sem PDF)
2026-07-28;julho;MESPACK F;1320;padrão (sem PDF)
2026-07-28;julho;MESPACK R1;1320;padrão (sem PDF)
2026-07-28;julho;MESPACK R2;1320;padrão (sem PDF)
2026-07-28;julho;ENCHEDEIRA TOP DOWN;1320;padrão (sem PDF)
2026-07-28;julho;ENCHEDEIRA COPO/LATA;1320;padrão (sem PDF)
2026-07-28;julho;60L1;1320;padrão (sem PDF)
2026-07-28;julho;60L2;1320;padrão (sem PDF)
2026-07-28;julho;CONDOR;1320;padrão (sem PDF)
2026-07-28;julho;ENCAIXOTAMENTO VEGETAIS;1320;padrão (sem PDF)
2026-07-29;julho;MESPACK A;1320;padrão (sem PDF)
2026-07-29;julho;MESPACK B;1320;padrão (sem PDF)
2026-07-29;julho;MESPACK C;1320;padrão (sem PDF)
2026-07-29;julho;MESPACK D;1320;padrão (sem PDF)
2026-07-29;julho;MESPACK E;1320;padrão (sem PDF)
2026-07-29;julho;MESPACK F;1320;padrão (sem PDF)
2026-07-29;julho;MESPACK R1;1320;padrão (sem PDF)
2026-07-29;julho;MESPACK R2;1320;padrão (sem PDF)
2026-07-29;julho;ENCHEDEIRA TOP DOWN;1320;padrão (sem PDF)
2026-07-29;julho;ENCHEDEIRA COPO/LATA;1320;padrão (sem PDF)
2026-07-29;julho;60L1;1320;padrão (sem PDF)
2026-07-29;julho;60L2;1320;padrão (sem PDF)
2026-07-29;julho;CONDOR;1320;padrão (sem PDF)
2026-07-29;julho;ENCAIXOTAMENTO VEGETAIS;1320;padrão (sem PDF)
2026-07-30;julho;MESPACK A;1320;padrão (sem PDF)
2026-07-30;julho;MESPACK B;1320;padrão (sem PDF)
2026-07-30;julho;MESPACK C;1320;padrão (sem PDF)
2026-07-30;julho;MESPACK D;1320;padrão (sem PDF)
2026-07-30;julho;MESPACK E;1320;padrão (sem PDF)
2026-07-30;julho;MESPACK F;1320;padrão (sem PDF)
2026-07-30;julho;MESPACK R1;1320;padrão (sem PDF)
2026-07-30;julho;MESPACK R2;1320;padrão (sem PDF)
2026-07-30;julho;ENCHEDEIRA TOP DOWN;1320;padrão (sem PDF)
2026-07-30;julho;ENCHEDEIRA COPO/LATA;1320;padrão (sem PDF)
2026-07-30;julho;60L1;1320;padrão (sem PDF)
2026-07-30;julho;60L2;1320;padrão (sem PDF)
2026-07-30;julho;CONDOR;1320;padrão (sem PDF)
2026-07-30;julho;ENCAIXOTAMENTO VEGETAIS;1320;padrão (sem PDF)
2026-07-31;julho;MESPACK A;1320;padrão (sem PDF)
2026-07-31;julho;MESPACK B;1320;padrão (sem PDF)
2026-07-31;julho;MESPACK C;1320;padrão (sem PDF)
2026-07-31;julho;MESPACK D;1320;padrão (sem PDF)
2026-07-31;julho;MESPACK E;1320;padrão (sem PDF)
2026-07-31;julho;MESPACK F;1320;padrão (sem PDF)
2026-07-31;julho;MESPACK R1;1320;padrão (sem PDF)
2026-07-31;julho;MESPACK R2;1320;padrão (sem PDF)
2026-07-31;julho;ENCHEDEIRA TOP DOWN;1320;padrão (sem PDF)
2026-07-31;julho;ENCHEDEIRA COPO/LATA;1320;padrão (sem PDF)
2026-07-31;julho;60L1;1320;padrão (sem PDF)
2026-07-31;julho;60L2;1320;padrão (sem PDF)
2026-07-31;julho;CONDOR;1320;padrão (sem PDF)
2026-07-31;julho;ENCAIXOTAMENTO VEGETAIS;1320;padrão (sem PDF)
2026-08-01;agosto;MESPACK A;1320;padrão (sem PDF)
2026-08-01;agosto;MESPACK B;1320;padrão (sem PDF)
2026-08-01;agosto;MESPACK C;1320;padrão (sem PDF)
2026-08-01;agosto;MESPACK D;1320;padrão (sem PDF)
2026-08-01;agosto;MESPACK E;1320;padrão (sem PDF)
2026-08-01;agosto;MESPACK F;1320;padrão (sem PDF)
2026-08-01;agosto;MESPACK R1;1320;padrão (sem PDF)
2026-08-01;agosto;MESPACK R2;1320;padrão (sem PDF)
2026-08-01;agosto;ENCHEDEIRA TOP DOWN;1320;padrão (sem PDF)
2026-08-01;agosto;ENCHEDEIRA COPO/LATA;1320;padrão (sem PDF)
2026-08-01;agosto;60L1;1320;padrão (sem PDF)
2026-08-01;agosto;60L2;1320;padrão (sem PDF)
2026-08-01;agosto;CONDOR;1320;padrão (sem PDF)
2026-08-01;agosto;ENCAIXOTAMENTO VEGETAIS;1320;padrão (sem PDF)
2026-08-03;agosto;MESPACK A;1320;padrão (sem PDF)
2026-08-03;agosto;MESPACK B;1320;padrão (sem PDF)
2026-08-03;agosto;MESPACK C;1320;padrão (sem PDF)
2026-08-03;agosto;MESPACK D;1320;padrão (sem PDF)
2026-08-03;agosto;MESPACK E;1320;padrão (sem PDF)
2026-08-03;agosto;MESPACK F;1320;padrão (sem PDF)
2026-08-03;agosto;MESPACK R1;1320;padrão (sem PDF)
2026-08-03;agosto;MESPACK R2;1320;padrão (sem PDF)
2026-08-03;agosto;ENCHEDEIRA TOP DOWN;1320;padrão (sem PDF)
2026-08-03;agosto;ENCHEDEIRA COPO/LATA;1320;padrão (sem PDF)
2026-08-03;agosto;60L1;1320;padrão (sem PDF)
2026-08-03;agosto;60L2;1320;padrão (sem PDF)
2026-08-03;agosto;CONDOR;1320;padrão (sem PDF)
2026-08-03;agosto;ENCAIXOTAMENTO VEGETAIS;1320;padrão (sem PDF)
2026-08-04;agosto;MESPACK A;1320;padrão (sem PDF)
2026-08-04;agosto;MESPACK B;1320;padrão (sem PDF)
2026-08-04;agosto;MESPACK C;1320;padrão (sem PDF)
2026-08-04;agosto;MESPACK D;1320;padrão (sem PDF)
2026-08-04;agosto;MESPACK E;1320;padrão (sem PDF)
2026-08-04;agosto;MESPACK F;1320;padrão (sem PDF)
2026-08-04;agosto;MESPACK R1;1320;padrão (sem PDF)
2026-08-04;agosto;MESPACK R2;1320;padrão (sem PDF)
2026-08-04;agosto;ENCHEDEIRA TOP DOWN;1320;padrão (sem PDF)
2026-08-04;agosto;ENCHEDEIRA COPO/LATA;1320;padrão (sem PDF)
2026-08-04;agosto;60L1;1320;padrão (sem PDF)
2026-08-04;agosto;60L2;1320;padrão (sem PDF)
2026-08-04;agosto;CONDOR;1320;padrão (sem PDF)
2026-08-04;agosto;ENCAIXOTAMENTO VEGETAIS;1320;padrão (sem PDF)
2026-08-05;agosto;MESPACK A;1320;padrão (sem PDF)
2026-08-05;agosto;MESPACK B;1320;padrão (sem PDF)
2026-08-05;agosto;MESPACK C;1320;padrão (sem PDF)
2026-08-05;agosto;MESPACK D;1320;padrão (sem PDF)
2026-08-05;agosto;MESPACK E;1320;padrão (sem PDF)
2026-08-05;agosto;MESPACK F;1320;padrão (sem PDF)
2026-08-05;agosto;MESPACK R1;1320;padrão (sem PDF)
2026-08-05;agosto;MESPACK R2;1320;padrão (sem PDF)
2026-08-05;agosto;ENCHEDEIRA TOP DOWN;1320;padrão (sem PDF)
2026-08-05;agosto;ENCHEDEIRA COPO/LATA;1320;padrão (sem PDF)
2026-08-05;agosto;60L1;1320;padrão (sem PDF)
2026-08-05;agosto;60L2;1320;padrão (sem PDF)
2026-08-05;agosto;CONDOR;1320;padrão (sem PDF)
2026-08-05;agosto;ENCAIXOTAMENTO VEGETAIS;1320;padrão (sem PDF)
2026-08-06;agosto;MESPACK A;1320;padrão (sem PDF)
2026-08-06;agosto;MESPACK B;1320;padrão (sem PDF)
2026-08-06;agosto;MESPACK C;1320;padrão (sem PDF)
2026-08-06;agosto;MESPACK D;1320;padrão (sem PDF)
2026-08-06;agosto;MESPACK E;1320;padrão (sem PDF)
2026-08-06;agosto;MESPACK F;1320;padrão (sem PDF)
2026-08-06;agosto;MESPACK R1;1320;padrão (sem PDF)
2026-08-06;agosto;MESPACK R2;1320;padrão (sem PDF)
2026-08-06;agosto;ENCHEDEIRA TOP DOWN;1320;padrão (sem PDF)
2026-08-06;agosto;ENCHEDEIRA COPO/LATA;1320;padrão (sem PDF)
2026-08-06;agosto;60L1;1320;padrão (sem PDF)
2026-08-06;agosto;60L2;1320;padrão (sem PDF)
2026-08-06;agosto;CONDOR;1320;padrão (sem PDF)
2026-08-06;agosto;ENCAIXOTAMENTO VEGETAIS;1320;padrão (sem PDF)
2026-08-07;agosto;MESPACK A;1320;padrão (sem PDF)
2026-08-07;agosto;MESPACK B;1320;padrão (sem PDF)
2026-08-07;agosto;MESPACK C;1320;padrão (sem PDF)
2026-08-07;agosto;MESPACK D;1320;padrão (sem PDF)
2026-08-07;agosto;MESPACK E;1320;padrão (sem PDF)
2026-08-07;agosto;MESPACK F;1320;padrão (sem PDF)
2026-08-07;agosto;MESPACK R1;1320;padrão (sem PDF)
2026-08-07;agosto;MESPACK R2;1320;padrão (sem PDF)
2026-08-07;agosto;ENCHEDEIRA TOP DOWN;1320;padrão (sem PDF)
2026-08-07;agosto;ENCHEDEIRA COPO/LATA;1320;padrão (sem PDF)
2026-08-07;agosto;60L1;1320;padrão (sem PDF)
2026-08-07;agosto;60L2;1320;padrão (sem PDF)
2026-08-07;agosto;CONDOR;1320;padrão (sem PDF)
2026-08-07;agosto;ENCAIXOTAMENTO VEGETAIS;1320;padrão (sem PDF)
2026-08-08;agosto;MESPACK A;1320;padrão (sem PDF)
2026-08-08;agosto;MESPACK B;1320;padrão (sem PDF)
2026-08-08;agosto;MESPACK C;1320;padrão (sem PDF)
2026-08-08;agosto;MESPACK D;1320;padrão (sem PDF)
2026-08-08;agosto;MESPACK E;1320;padrão (sem PDF)
2026-08-08;agosto;MESPACK F;1320;padrão (sem PDF)
2026-08-08;agosto;MESPACK R1;1320;padrão (sem PDF)
2026-08-08;agosto;MESPACK R2;1320;padrão (sem PDF)
2026-08-08;agosto;ENCHEDEIRA TOP DOWN;1320;padrão (sem PDF)
2026-08-08;agosto;ENCHEDEIRA COPO/LATA;1320;padrão (sem PDF)
2026-08-08;agosto;60L1;1320;padrão (sem PDF)
2026-08-08;agosto;60L2;1320;padrão (sem PDF)
2026-08-08;agosto;CONDOR;1320;padrão (sem PDF)
2026-08-08;agosto;ENCAIXOTAMENTO VEGETAIS;1320;padrão (sem PDF)
2026-08-10;agosto;MESPACK A;1320;padrão (sem PDF)
2026-08-10;agosto;MESPACK B;1320;padrão (sem PDF)
2026-08-10;agosto;MESPACK C;1320;padrão (sem PDF)
2026-08-10;agosto;MESPACK D;1320;padrão (sem PDF)
2026-08-10;agosto;MESPACK E;1320;padrão (sem PDF)
2026-08-10;agosto;MESPACK F;1320;padrão (sem PDF)
2026-08-10;agosto;MESPACK R1;1320;padrão (sem PDF)
2026-08-10;agosto;MESPACK R2;1320;padrão (sem PDF)
2026-08-10;agosto;ENCHEDEIRA TOP DOWN;1320;padrão (sem PDF)
2026-08-10;agosto;ENCHEDEIRA COPO/LATA;1320;padrão (sem PDF)
2026-08-10;agosto;60L1;1320;padrão (sem PDF)
2026-08-10;agosto;60L2;1320;padrão (sem PDF)
2026-08-10;agosto;CONDOR;1320;padrão (sem PDF)
2026-08-10;agosto;ENCAIXOTAMENTO VEGETAIS;1320;padrão (sem PDF)
2026-08-11;agosto;MESPACK A;1320;padrão (sem PDF)
2026-08-11;agosto;MESPACK B;1320;padrão (sem PDF)
2026-08-11;agosto;MESPACK C;1320;padrão (sem PDF)
2026-08-11;agosto;MESPACK D;1320;padrão (sem PDF)
2026-08-11;agosto;MESPACK E;1320;padrão (sem PDF)
2026-08-11;agosto;MESPACK F;1320;padrão (sem PDF)
2026-08-11;agosto;MESPACK R1;1320;padrão (sem PDF)
2026-08-11;agosto;MESPACK R2;1320;padrão (sem PDF)
2026-08-11;agosto;ENCHEDEIRA TOP DOWN;1320;padrão (sem PDF)
2026-08-11;agosto;ENCHEDEIRA COPO/LATA;1320;padrão (sem PDF)
2026-08-11;agosto;60L1;1320;padrão (sem PDF)
2026-08-11;agosto;60L2;1320;padrão (sem PDF)
2026-08-11;agosto;CONDOR;1320;padrão (sem PDF)
2026-08-11;agosto;ENCAIXOTAMENTO VEGETAIS;1320;padrão (sem PDF)
2026-08-12;agosto;MESPACK A;1320;padrão (sem PDF)
2026-08-12;agosto;MESPACK B;1320;padrão (sem PDF)
2026-08-12;agosto;MESPACK C;1320;padrão (sem PDF)
2026-08-12;agosto;MESPACK D;1320;padrão (sem PDF)
2026-08-12;agosto;MESPACK E;1320;padrão (sem PDF)
2026-08-12;agosto;MESPACK F;1320;padrão (sem PDF)
2026-08-12;agosto;MESPACK R1;1320;padrão (sem PDF)
2026-08-12;agosto;MESPACK R2;1320;padrão (sem PDF)
2026-08-12;agosto;ENCHEDEIRA TOP DOWN;1320;padrão (sem PDF)
2026-08-12;agosto;ENCHEDEIRA COPO/LATA;1320;padrão (sem PDF)
2026-08-12;agosto;60L1;1320;padrão (sem PDF)
2026-08-12;agosto;60L2;1320;padrão (sem PDF)
2026-08-12;agosto;CONDOR;1320;padrão (sem PDF)
2026-08-12;agosto;ENCAIXOTAMENTO VEGETAIS;1320;padrão (sem PDF)
2026-08-13;agosto;MESPACK A;1320;padrão (sem PDF)
2026-08-13;agosto;MESPACK B;1320;padrão (sem PDF)
2026-08-13;agosto;MESPACK C;1320;padrão (sem PDF)
2026-08-13;agosto;MESPACK D;1320;padrão (sem PDF)
2026-08-13;agosto;MESPACK E;1320;padrão (sem PDF)
2026-08-13;agosto;MESPACK F;1320;padrão (sem PDF)
2026-08-13;agosto;MESPACK R1;1320;padrão (sem PDF)
2026-08-13;agosto;MESPACK R2;1320;padrão (sem PDF)
2026-08-13;agosto;ENCHEDEIRA TOP DOWN;1320;padrão (sem PDF)
2026-08-13;agosto;ENCHEDEIRA COPO/LATA;1320;padrão (sem PDF)
2026-08-13;agosto;60L1;1320;padrão (sem PDF)
2026-08-13;agosto;60L2;1320;padrão (sem PDF)
2026-08-13;agosto;CONDOR;1320;padrão (sem PDF)
2026-08-13;agosto;ENCAIXOTAMENTO VEGETAIS;1320;padrão (sem PDF)
2026-08-14;agosto;MESPACK A;1320;padrão (sem PDF)
2026-08-14;agosto;MESPACK B;1320;padrão (sem PDF)
2026-08-14;agosto;MESPACK C;1320;padrão (sem PDF)
2026-08-14;agosto;MESPACK D;1320;padrão (sem PDF)
2026-08-14;agosto;MESPACK E;1320;padrão (sem PDF)
2026-08-14;agosto;MESPACK F;1320;padrão (sem PDF)
2026-08-14;agosto;MESPACK R1;1320;padrão (sem PDF)
2026-08-14;agosto;MESPACK R2;1320;padrão (sem PDF)
2026-08-14;agosto;ENCHEDEIRA TOP DOWN;1320;padrão (sem PDF)
2026-08-14;agosto;ENCHEDEIRA COPO/LATA;1320;padrão (sem PDF)
2026-08-14;agosto;60L1;1320;padrão (sem PDF)
2026-08-14;agosto;60L2;1320;padrão (sem PDF)
2026-08-14;agosto;CONDOR;1320;padrão (sem PDF)
2026-08-14;agosto;ENCAIXOTAMENTO VEGETAIS;1320;padrão (sem PDF)
2026-08-15;agosto;MESPACK A;1320;padrão (sem PDF)
2026-08-15;agosto;MESPACK B;1320;padrão (sem PDF)
2026-08-15;agosto;MESPACK C;1320;padrão (sem PDF)
2026-08-15;agosto;MESPACK D;1320;padrão (sem PDF)
2026-08-15;agosto;MESPACK E;1320;padrão (sem PDF)
2026-08-15;agosto;MESPACK F;1320;padrão (sem PDF)
2026-08-15;agosto;MESPACK R1;1320;padrão (sem PDF)
2026-08-15;agosto;MESPACK R2;1320;padrão (sem PDF)
2026-08-15;agosto;ENCHEDEIRA TOP DOWN;1320;padrão (sem PDF)
2026-08-15;agosto;ENCHEDEIRA COPO/LATA;1320;padrão (sem PDF)
2026-08-15;agosto;60L1;1320;padrão (sem PDF)
2026-08-15;agosto;60L2;1320;padrão (sem PDF)
2026-08-15;agosto;CONDOR;1320;padrão (sem PDF)
2026-08-15;agosto;ENCAIXOTAMENTO VEGETAIS;1320;padrão (sem PDF)
2026-08-16;agosto;MESPACK A;1320;padrão (sem PDF)
2026-08-16;agosto;MESPACK B;1320;padrão (sem PDF)
2026-08-16;agosto;MESPACK C;1320;padrão (sem PDF)
2026-08-16;agosto;MESPACK D;1320;padrão (sem PDF)
2026-08-16;agosto;MESPACK E;1320;padrão (sem PDF)
2026-08-16;agosto;MESPACK F;1320;padrão (sem PDF)
2026-08-16;agosto;MESPACK R1;1320;padrão (sem PDF)
2026-08-16;agosto;MESPACK R2;1320;padrão (sem PDF)
2026-08-16;agosto;ENCHEDEIRA TOP DOWN;1320;padrão (sem PDF)
2026-08-16;agosto;ENCHEDEIRA COPO/LATA;1320;padrão (sem PDF)
2026-08-16;agosto;60L1;1320;padrão (sem PDF)
2026-08-16;agosto;60L2;1320;padrão (sem PDF)
2026-08-16;agosto;CONDOR;1320;padrão (sem PDF)
2026-08-16;agosto;ENCAIXOTAMENTO VEGETAIS;1320;padrão (sem PDF)
2026-08-17;agosto;MESPACK A;1320;padrão (sem PDF)
2026-08-17;agosto;MESPACK B;1320;padrão (sem PDF)
2026-08-17;agosto;MESPACK C;1320;padrão (sem PDF)
2026-08-17;agosto;MESPACK D;1320;padrão (sem PDF)
2026-08-17;agosto;MESPACK E;1320;padrão (sem PDF)
2026-08-17;agosto;MESPACK F;1320;padrão (sem PDF)
2026-08-17;agosto;MESPACK R1;1320;padrão (sem PDF)
2026-08-17;agosto;MESPACK R2;1320;padrão (sem PDF)
2026-08-17;agosto;ENCHEDEIRA TOP DOWN;1320;padrão (sem PDF)
2026-08-17;agosto;ENCHEDEIRA COPO/LATA;1320;padrão (sem PDF)
2026-08-17;agosto;60L1;1320;padrão (sem PDF)
2026-08-17;agosto;60L2;1320;padrão (sem PDF)
2026-08-17;agosto;CONDOR;1320;padrão (sem PDF)
2026-08-17;agosto;ENCAIXOTAMENTO VEGETAIS;1320;padrão (sem PDF)
2026-08-18;agosto;MESPACK A;1320;padrão (sem PDF)
2026-08-18;agosto;MESPACK B;1320;padrão (sem PDF)
2026-08-18;agosto;MESPACK C;1320;padrão (sem PDF)
2026-08-18;agosto;MESPACK D;1320;padrão (sem PDF)
2026-08-18;agosto;MESPACK E;1320;padrão (sem PDF)
2026-08-18;agosto;MESPACK F;1320;padrão (sem PDF)
2026-08-18;agosto;MESPACK R1;1320;padrão (sem PDF)
2026-08-18;agosto;MESPACK R2;1320;padrão (sem PDF)
2026-08-18;agosto;ENCHEDEIRA TOP DOWN;1320;padrão (sem PDF)
2026-08-18;agosto;ENCHEDEIRA COPO/LATA;1320;padrão (sem PDF)
2026-08-18;agosto;60L1;1320;padrão (sem PDF)
2026-08-18;agosto;60L2;1320;padrão (sem PDF)
2026-08-18;agosto;CONDOR;1320;padrão (sem PDF)
2026-08-18;agosto;ENCAIXOTAMENTO VEGETAIS;1320;padrão (sem PDF)
2026-08-19;agosto;MESPACK A;1320;padrão (sem PDF)
2026-08-19;agosto;MESPACK B;1320;padrão (sem PDF)
2026-08-19;agosto;MESPACK C;1320;padrão (sem PDF)
2026-08-19;agosto;MESPACK D;1320;padrão (sem PDF)
2026-08-19;agosto;MESPACK E;1320;padrão (sem PDF)
2026-08-19;agosto;MESPACK F;1320;padrão (sem PDF)
2026-08-19;agosto;MESPACK R1;1320;padrão (sem PDF)
2026-08-19;agosto;MESPACK R2;1320;padrão (sem PDF)
2026-08-19;agosto;ENCHEDEIRA TOP DOWN;1320;padrão (sem PDF)
2026-08-19;agosto;ENCHEDEIRA COPO/LATA;1320;padrão (sem PDF)
2026-08-19;agosto;60L1;1320;padrão (sem PDF)
2026-08-19;agosto;60L2;1320;padrão (sem PDF)
2026-08-19;agosto;CONDOR;1320;padrão (sem PDF)
2026-08-19;agosto;ENCAIXOTAMENTO VEGETAIS;1320;padrão (sem PDF)
2026-08-20;agosto;MESPACK A;1320;padrão (sem PDF)
2026-08-20;agosto;MESPACK B;1320;padrão (sem PDF)
2026-08-20;agosto;MESPACK C;1320;padrão (sem PDF)
2026-08-20;agosto;MESPACK D;1320;padrão (sem PDF)
2026-08-20;agosto;MESPACK E;1320;padrão (sem PDF)
2026-08-20;agosto;MESPACK F;1320;padrão (sem PDF)
2026-08-20;agosto;MESPACK R1;1320;padrão (sem PDF)
2026-08-20;agosto;MESPACK R2;1320;padrão (sem PDF)
2026-08-20;agosto;ENCHEDEIRA TOP DOWN;1320;padrão (sem PDF)
2026-08-20;agosto;ENCHEDEIRA COPO/LATA;1320;padrão (sem PDF)
2026-08-20;agosto;60L1;1320;padrão (sem PDF)
2026-08-20;agosto;60L2;1320;padrão (sem PDF)
2026-08-20;agosto;CONDOR;1320;padrão (sem PDF)
2026-08-20;agosto;ENCAIXOTAMENTO VEGETAIS;1320;padrão (sem PDF)
2026-08-21;agosto;MESPACK A;1320;padrão (sem PDF)
2026-08-21;agosto;MESPACK B;1320;padrão (sem PDF)
2026-08-21;agosto;MESPACK C;1320;padrão (sem PDF)
2026-08-21;agosto;MESPACK D;1320;padrão (sem PDF)
2026-08-21;agosto;MESPACK E;1320;padrão (sem PDF)
2026-08-21;agosto;MESPACK F;1320;padrão (sem PDF)
2026-08-21;agosto;MESPACK R1;1320;padrão (sem PDF)
2026-08-21;agosto;MESPACK R2;1320;padrão (sem PDF)
2026-08-21;agosto;ENCHEDEIRA TOP DOWN;1320;padrão (sem PDF)
2026-08-21;agosto;ENCHEDEIRA COPO/LATA;1320;padrão (sem PDF)
2026-08-21;agosto;60L1;1320;padrão (sem PDF)
2026-08-21;agosto;60L2;1320;padrão (sem PDF)
2026-08-21;agosto;CONDOR;1320;padrão (sem PDF)
2026-08-21;agosto;ENCAIXOTAMENTO VEGETAIS;1320;padrão (sem PDF)
2026-08-22;agosto;MESPACK A;1320;padrão (sem PDF)
2026-08-22;agosto;MESPACK B;1320;padrão (sem PDF)
2026-08-22;agosto;MESPACK C;1320;padrão (sem PDF)
2026-08-22;agosto;MESPACK D;1320;padrão (sem PDF)
2026-08-22;agosto;MESPACK E;1320;padrão (sem PDF)
2026-08-22;agosto;MESPACK F;1320;padrão (sem PDF)
2026-08-22;agosto;MESPACK R1;1320;padrão (sem PDF)
2026-08-22;agosto;MESPACK R2;1320;padrão (sem PDF)
2026-08-22;agosto;ENCHEDEIRA TOP DOWN;1320;padrão (sem PDF)
2026-08-22;agosto;ENCHEDEIRA COPO/LATA;1320;padrão (sem PDF)
2026-08-22;agosto;60L1;1320;padrão (sem PDF)
2026-08-22;agosto;60L2;1320;padrão (sem PDF)
2026-08-22;agosto;CONDOR;1320;padrão (sem PDF)
2026-08-22;agosto;ENCAIXOTAMENTO VEGETAIS;1320;padrão (sem PDF)
2026-08-23;agosto;MESPACK A;1320;padrão (sem PDF)
2026-08-23;agosto;MESPACK B;1320;padrão (sem PDF)
2026-08-23;agosto;MESPACK C;1320;padrão (sem PDF)
2026-08-23;agosto;MESPACK D;1320;padrão (sem PDF)
2026-08-23;agosto;MESPACK E;1320;padrão (sem PDF)
2026-08-23;agosto;MESPACK F;1320;padrão (sem PDF)
2026-08-23;agosto;MESPACK R1;1320;padrão (sem PDF)
2026-08-23;agosto;MESPACK R2;1320;padrão (sem PDF)
2026-08-23;agosto;ENCHEDEIRA TOP DOWN;1320;padrão (sem PDF)
2026-08-23;agosto;ENCHEDEIRA COPO/LATA;1320;padrão (sem PDF)
2026-08-23;agosto;60L1;1320;padrão (sem PDF)
2026-08-23;agosto;60L2;1320;padrão (sem PDF)
2026-08-23;agosto;CONDOR;1320;padrão (sem PDF)
2026-08-23;agosto;ENCAIXOTAMENTO VEGETAIS;1320;padrão (sem PDF)
2026-08-24;agosto;MESPACK A;1320;padrão (sem PDF)
2026-08-24;agosto;MESPACK B;1320;padrão (sem PDF)
2026-08-24;agosto;MESPACK C;1320;padrão (sem PDF)
2026-08-24;agosto;MESPACK D;1320;padrão (sem PDF)
2026-08-24;agosto;MESPACK E;1320;padrão (sem PDF)
2026-08-24;agosto;MESPACK F;1320;padrão (sem PDF)
2026-08-24;agosto;MESPACK R1;1320;padrão (sem PDF)
2026-08-24;agosto;MESPACK R2;1320;padrão (sem PDF)
2026-08-24;agosto;ENCHEDEIRA TOP DOWN;1320;padrão (sem PDF)
2026-08-24;agosto;ENCHEDEIRA COPO/LATA;1320;padrão (sem PDF)
2026-08-24;agosto;60L1;1320;padrão (sem PDF)
2026-08-24;agosto;60L2;1320;padrão (sem PDF)
2026-08-24;agosto;CONDOR;1320;padrão (sem PDF)
2026-08-24;agosto;ENCAIXOTAMENTO VEGETAIS;1320;padrão (sem PDF)
2026-08-25;agosto;MESPACK A;1320;padrão (sem PDF)
2026-08-25;agosto;MESPACK B;1320;padrão (sem PDF)
2026-08-25;agosto;MESPACK C;1320;padrão (sem PDF)
2026-08-25;agosto;MESPACK D;1320;padrão (sem PDF)
2026-08-25;agosto;MESPACK E;1320;padrão (sem PDF)
2026-08-25;agosto;MESPACK F;1320;padrão (sem PDF)
2026-08-25;agosto;MESPACK R1;1320;padrão (sem PDF)
2026-08-25;agosto;MESPACK R2;1320;padrão (sem PDF)
2026-08-25;agosto;ENCHEDEIRA TOP DOWN;1320;padrão (sem PDF)
2026-08-25;agosto;ENCHEDEIRA COPO/LATA;1320;padrão (sem PDF)
2026-08-25;agosto;60L1;1320;padrão (sem PDF)
2026-08-25;agosto;60L2;1320;padrão (sem PDF)
2026-08-25;agosto;CONDOR;1320;padrão (sem PDF)
2026-08-25;agosto;ENCAIXOTAMENTO VEGETAIS;1320;padrão (sem PDF)
2026-08-26;agosto;MESPACK A;1320;padrão (sem PDF)
2026-08-26;agosto;MESPACK B;1320;padrão (sem PDF)
2026-08-26;agosto;MESPACK C;1320;padrão (sem PDF)
2026-08-26;agosto;MESPACK D;1320;padrão (sem PDF)
2026-08-26;agosto;MESPACK E;1320;padrão (sem PDF)
2026-08-26;agosto;MESPACK F;1320;padrão (sem PDF)
2026-08-26;agosto;MESPACK R1;1320;padrão (sem PDF)
2026-08-26;agosto;MESPACK R2;1320;padrão (sem PDF)
2026-08-26;agosto;ENCHEDEIRA TOP DOWN;1320;padrão (sem PDF)
2026-08-26;agosto;ENCHEDEIRA COPO/LATA;1320;padrão (sem PDF)
2026-08-26;agosto;60L1;1320;padrão (sem PDF)
2026-08-26;agosto;60L2;1320;padrão (sem PDF)
2026-08-26;agosto;CONDOR;1320;padrão (sem PDF)
2026-08-26;agosto;ENCAIXOTAMENTO VEGETAIS;1320;padrão (sem PDF)
2026-08-27;agosto;MESPACK A;1320;padrão (sem PDF)
2026-08-27;agosto;MESPACK B;1320;padrão (sem PDF)
2026-08-27;agosto;MESPACK C;1320;padrão (sem PDF)
2026-08-27;agosto;MESPACK D;1320;padrão (sem PDF)
2026-08-27;agosto;MESPACK E;1320;padrão (sem PDF)
2026-08-27;agosto;MESPACK F;1320;padrão (sem PDF)
2026-08-27;agosto;MESPACK R1;1320;padrão (sem PDF)
2026-08-27;agosto;MESPACK R2;1320;padrão (sem PDF)
2026-08-27;agosto;ENCHEDEIRA TOP DOWN;1320;padrão (sem PDF)
2026-08-27;agosto;ENCHEDEIRA COPO/LATA;1320;padrão (sem PDF)
2026-08-27;agosto;60L1;1320;padrão (sem PDF)
2026-08-27;agosto;60L2;1320;padrão (sem PDF)
2026-08-27;agosto;CONDOR;1320;padrão (sem PDF)
2026-08-27;agosto;ENCAIXOTAMENTO VEGETAIS;1320;padrão (sem PDF)
2026-08-28;agosto;MESPACK A;1320;padrão (sem PDF)
2026-08-28;agosto;MESPACK B;1320;padrão (sem PDF)
2026-08-28;agosto;MESPACK C;1320;padrão (sem PDF)
2026-08-28;agosto;MESPACK D;1320;padrão (sem PDF)
2026-08-28;agosto;MESPACK E;1320;padrão (sem PDF)
2026-08-28;agosto;MESPACK F;1320;padrão (sem PDF)
2026-08-28;agosto;MESPACK R1;1320;padrão (sem PDF)
2026-08-28;agosto;MESPACK R2;1320;padrão (sem PDF)
2026-08-28;agosto;ENCHEDEIRA TOP DOWN;1320;padrão (sem PDF)
2026-08-28;agosto;ENCHEDEIRA COPO/LATA;1320;padrão (sem PDF)
2026-08-28;agosto;60L1;1320;padrão (sem PDF)
2026-08-28;agosto;60L2;1320;padrão (sem PDF)
2026-08-28;agosto;CONDOR;1320;padrão (sem PDF)
2026-08-28;agosto;ENCAIXOTAMENTO VEGETAIS;1320;padrão (sem PDF)
2026-08-29;agosto;MESPACK A;1320;padrão (sem PDF)
2026-08-29;agosto;MESPACK B;1320;padrão (sem PDF)
2026-08-29;agosto;MESPACK C;1320;padrão (sem PDF)
2026-08-29;agosto;MESPACK D;1320;padrão (sem PDF)
2026-08-29;agosto;MESPACK E;1320;padrão (sem PDF)
2026-08-29;agosto;MESPACK F;1320;padrão (sem PDF)
2026-08-29;agosto;MESPACK R1;1320;padrão (sem PDF)
2026-08-29;agosto;MESPACK R2;1320;padrão (sem PDF)
2026-08-29;agosto;ENCHEDEIRA TOP DOWN;1320;padrão (sem PDF)
2026-08-29;agosto;ENCHEDEIRA COPO/LATA;1320;padrão (sem PDF)
2026-08-29;agosto;60L1;1320;padrão (sem PDF)
2026-08-29;agosto;60L2;1320;padrão (sem PDF)
2026-08-29;agosto;CONDOR;1320;padrão (sem PDF)
2026-08-29;agosto;ENCAIXOTAMENTO VEGETAIS;1320;padrão (sem PDF)
2026-08-30;agosto;MESPACK A;1320;padrão (sem PDF)
2026-08-30;agosto;MESPACK B;1320;padrão (sem PDF)
2026-08-30;agosto;MESPACK C;1320;padrão (sem PDF)
2026-08-30;agosto;MESPACK D;1320;padrão (sem PDF)
2026-08-30;agosto;MESPACK E;1320;padrão (sem PDF)
2026-08-30;agosto;MESPACK F;1320;padrão (sem PDF)
2026-08-30;agosto;MESPACK R1;1320;padrão (sem PDF)
2026-08-30;agosto;MESPACK R2;1320;padrão (sem PDF)
2026-08-30;agosto;ENCHEDEIRA TOP DOWN;1320;padrão (sem PDF)
2026-08-30;agosto;ENCHEDEIRA COPO/LATA;1320;padrão (sem PDF)
2026-08-30;agosto;60L1;1320;padrão (sem PDF)
2026-08-30;agosto;60L2;1320;padrão (sem PDF)
2026-08-30;agosto;CONDOR;1320;padrão (sem PDF)
2026-08-30;agosto;ENCAIXOTAMENTO VEGETAIS;1320;padrão (sem PDF)
2026-08-31;agosto;MESPACK A;1320;padrão (sem PDF)
2026-08-31;agosto;MESPACK B;1320;padrão (sem PDF)
2026-08-31;agosto;MESPACK C;1320;padrão (sem PDF)
2026-08-31;agosto;MESPACK D;1320;padrão (sem PDF)
2026-08-31;agosto;MESPACK E;1320;padrão (sem PDF)
2026-08-31;agosto;MESPACK F;1320;padrão (sem PDF)
2026-08-31;agosto;MESPACK R1;1320;padrão (sem PDF)
2026-08-31;agosto;MESPACK R2;1320;padrão (sem PDF)
2026-08-31;agosto;ENCHEDEIRA TOP DOWN;1320;padrão (sem PDF)
2026-08-31;agosto;ENCHEDEIRA COPO/LATA;1320;padrão (sem PDF)
2026-08-31;agosto;60L1;1320;padrão (sem PDF)
2026-08-31;agosto;60L2;1320;padrão (sem PDF)
2026-08-31;agosto;CONDOR;1320;padrão (sem PDF)
2026-08-31;agosto;ENCAIXOTAMENTO VEGETAIS;1320;padrão (sem PDF)
2026-09-01;setembro;MESPACK A;1320;padrão (sem PDF)
2026-09-01;setembro;MESPACK B;1320;padrão (sem PDF)
2026-09-01;setembro;MESPACK C;1320;padrão (sem PDF)
2026-09-01;setembro;MESPACK D;1320;padrão (sem PDF)
2026-09-01;setembro;MESPACK E;1320;padrão (sem PDF)
2026-09-01;setembro;MESPACK F;1320;padrão (sem PDF)
2026-09-01;setembro;MESPACK R1;1320;padrão (sem PDF)
2026-09-01;setembro;MESPACK R2;1320;padrão (sem PDF)
2026-09-01;setembro;ENCHEDEIRA TOP DOWN;1320;padrão (sem PDF)
2026-09-01;setembro;ENCHEDEIRA COPO/LATA;1320;padrão (sem PDF)
2026-09-01;setembro;60L1;1320;padrão (sem PDF)
2026-09-01;setembro;60L2;1320;padrão (sem PDF)
2026-09-01;setembro;CONDOR;1320;padrão (sem PDF)
2026-09-01;setembro;ENCAIXOTAMENTO VEGETAIS;1320;padrão (sem PDF)
2026-09-02;setembro;MESPACK A;1320;padrão (sem PDF)
2026-09-02;setembro;MESPACK B;1320;padrão (sem PDF)
2026-09-02;setembro;MESPACK C;1320;padrão (sem PDF)
2026-09-02;setembro;MESPACK D;1320;padrão (sem PDF)
2026-09-02;setembro;MESPACK E;1320;padrão (sem PDF)
2026-09-02;setembro;MESPACK F;1320;padrão (sem PDF)
2026-09-02;setembro;MESPACK R1;1320;padrão (sem PDF)
2026-09-02;setembro;MESPACK R2;1320;padrão (sem PDF)
2026-09-02;setembro;ENCHEDEIRA TOP DOWN;1320;padrão (sem PDF)
2026-09-02;setembro;ENCHEDEIRA COPO/LATA;1320;padrão (sem PDF)
2026-09-02;setembro;60L1;1320;padrão (sem PDF)
2026-09-02;setembro;60L2;1320;padrão (sem PDF)
2026-09-02;setembro;CONDOR;1320;padrão (sem PDF)
2026-09-02;setembro;ENCAIXOTAMENTO VEGETAIS;1320;padrão (sem PDF)
2026-09-03;setembro;MESPACK A;1320;padrão (sem PDF)
2026-09-03;setembro;MESPACK B;1320;padrão (sem PDF)
2026-09-03;setembro;MESPACK C;1320;padrão (sem PDF)
2026-09-03;setembro;MESPACK D;1320;padrão (sem PDF)
2026-09-03;setembro;MESPACK E;1320;padrão (sem PDF)
2026-09-03;setembro;MESPACK F;1320;padrão (sem PDF)
2026-09-03;setembro;MESPACK R1;1320;padrão (sem PDF)
2026-09-03;setembro;MESPACK R2;1320;padrão (sem PDF)
2026-09-03;setembro;ENCHEDEIRA TOP DOWN;1320;padrão (sem PDF)
2026-09-03;setembro;ENCHEDEIRA COPO/LATA;1320;padrão (sem PDF)
2026-09-03;setembro;60L1;1320;padrão (sem PDF)
2026-09-03;setembro;60L2;1320;padrão (sem PDF)
2026-09-03;setembro;CONDOR;1320;padrão (sem PDF)
2026-09-03;setembro;ENCAIXOTAMENTO VEGETAIS;1320;padrão (sem PDF)
2026-09-04;setembro;MESPACK A;1320;padrão (sem PDF)
2026-09-04;setembro;MESPACK B;1320;padrão (sem PDF)
2026-09-04;setembro;MESPACK C;1320;padrão (sem PDF)
2026-09-04;setembro;MESPACK D;1320;padrão (sem PDF)
2026-09-04;setembro;MESPACK E;1320;padrão (sem PDF)
2026-09-04;setembro;MESPACK F;1320;padrão (sem PDF)
2026-09-04;setembro;MESPACK R1;1320;padrão (sem PDF)
2026-09-04;setembro;MESPACK R2;1320;padrão (sem PDF)
2026-09-04;setembro;ENCHEDEIRA TOP DOWN;1320;padrão (sem PDF)
2026-09-04;setembro;ENCHEDEIRA COPO/LATA;1320;padrão (sem PDF)
2026-09-04;setembro;60L1;1320;padrão (sem PDF)
2026-09-04;setembro;60L2;1320;padrão (sem PDF)
2026-09-04;setembro;CONDOR;1320;padrão (sem PDF)
2026-09-04;setembro;ENCAIXOTAMENTO VEGETAIS;1320;padrão (sem PDF)
2026-09-05;setembro;MESPACK A;1320;padrão (sem PDF)
2026-09-05;setembro;MESPACK B;1320;padrão (sem PDF)
2026-09-05;setembro;MESPACK C;1320;padrão (sem PDF)
2026-09-05;setembro;MESPACK D;1320;padrão (sem PDF)
2026-09-05;setembro;MESPACK E;1320;padrão (sem PDF)
2026-09-05;setembro;MESPACK F;1320;padrão (sem PDF)
2026-09-05;setembro;MESPACK R1;1320;padrão (sem PDF)
2026-09-05;setembro;MESPACK R2;1320;padrão (sem PDF)
2026-09-05;setembro;ENCHEDEIRA TOP DOWN;1320;padrão (sem PDF)
2026-09-05;setembro;ENCHEDEIRA COPO/LATA;1320;padrão (sem PDF)
2026-09-05;setembro;60L1;1320;padrão (sem PDF)
2026-09-05;setembro;60L2;1320;padrão (sem PDF)
2026-09-05;setembro;CONDOR;1320;padrão (sem PDF)
2026-09-05;setembro;ENCAIXOTAMENTO VEGETAIS;1320;padrão (sem PDF)
2026-09-07;setembro;MESPACK A;1320;padrão (sem PDF)
2026-09-07;setembro;MESPACK B;1320;padrão (sem PDF)
2026-09-07;setembro;MESPACK C;1320;padrão (sem PDF)
2026-09-07;setembro;MESPACK D;1320;padrão (sem PDF)
2026-09-07;setembro;MESPACK E;1320;padrão (sem PDF)
2026-09-07;setembro;MESPACK F;1320;padrão (sem PDF)
2026-09-07;setembro;MESPACK R1;1320;padrão (sem PDF)
2026-09-07;setembro;MESPACK R2;1320;padrão (sem PDF)
2026-09-07;setembro;ENCHEDEIRA TOP DOWN;1320;padrão (sem PDF)
2026-09-07;setembro;ENCHEDEIRA COPO/LATA;1320;padrão (sem PDF)
2026-09-07;setembro;60L1;1320;padrão (sem PDF)
2026-09-07;setembro;60L2;1320;padrão (sem PDF)
2026-09-07;setembro;CONDOR;1320;padrão (sem PDF)
2026-09-07;setembro;ENCAIXOTAMENTO VEGETAIS;1320;padrão (sem PDF)
2026-09-08;setembro;MESPACK A;1320;padrão (sem PDF)
2026-09-08;setembro;MESPACK B;1320;padrão (sem PDF)
2026-09-08;setembro;MESPACK C;1320;padrão (sem PDF)
2026-09-08;setembro;MESPACK D;1320;padrão (sem PDF)
2026-09-08;setembro;MESPACK E;1320;padrão (sem PDF)
2026-09-08;setembro;MESPACK F;1320;padrão (sem PDF)
2026-09-08;setembro;MESPACK R1;1320;padrão (sem PDF)
2026-09-08;setembro;MESPACK R2;1320;padrão (sem PDF)
2026-09-08;setembro;ENCHEDEIRA TOP DOWN;1320;padrão (sem PDF)
2026-09-08;setembro;ENCHEDEIRA COPO/LATA;1320;padrão (sem PDF)
2026-09-08;setembro;60L1;1320;padrão (sem PDF)
2026-09-08;setembro;60L2;1320;padrão (sem PDF)
2026-09-08;setembro;CONDOR;1320;padrão (sem PDF)
2026-09-08;setembro;ENCAIXOTAMENTO VEGETAIS;1320;padrão (sem PDF)
2026-09-09;setembro;MESPACK A;1320;padrão (sem PDF)
2026-09-09;setembro;MESPACK B;1320;padrão (sem PDF)
2026-09-09;setembro;MESPACK C;1320;padrão (sem PDF)
2026-09-09;setembro;MESPACK D;1320;padrão (sem PDF)
2026-09-09;setembro;MESPACK E;1320;padrão (sem PDF)
2026-09-09;setembro;MESPACK F;1320;padrão (sem PDF)
2026-09-09;setembro;MESPACK R1;1320;padrão (sem PDF)
2026-09-09;setembro;MESPACK R2;1320;padrão (sem PDF)
2026-09-09;setembro;ENCHEDEIRA TOP DOWN;1320;padrão (sem PDF)
2026-09-09;setembro;ENCHEDEIRA COPO/LATA;1320;padrão (sem PDF)
2026-09-09;setembro;60L1;1320;padrão (sem PDF)
2026-09-09;setembro;60L2;1320;padrão (sem PDF)
2026-09-09;setembro;CONDOR;1320;padrão (sem PDF)
2026-09-09;setembro;ENCAIXOTAMENTO VEGETAIS;1320;padrão (sem PDF)
2026-09-10;setembro;MESPACK A;1320;padrão (sem PDF)
2026-09-10;setembro;MESPACK B;1320;padrão (sem PDF)
2026-09-10;setembro;MESPACK C;1320;padrão (sem PDF)
2026-09-10;setembro;MESPACK D;1320;padrão (sem PDF)
2026-09-10;setembro;MESPACK E;1320;padrão (sem PDF)
2026-09-10;setembro;MESPACK F;1320;padrão (sem PDF)
2026-09-10;setembro;MESPACK R1;1320;padrão (sem PDF)
2026-09-10;setembro;MESPACK R2;1320;padrão (sem PDF)
2026-09-10;setembro;ENCHEDEIRA TOP DOWN;1320;padrão (sem PDF)
2026-09-10;setembro;ENCHEDEIRA COPO/LATA;1320;padrão (sem PDF)
2026-09-10;setembro;60L1;1320;padrão (sem PDF)
2026-09-10;setembro;60L2;1320;padrão (sem PDF)
2026-09-10;setembro;CONDOR;1320;padrão (sem PDF)
2026-09-10;setembro;ENCAIXOTAMENTO VEGETAIS;1320;padrão (sem PDF)
2026-09-11;setembro;MESPACK A;1320;padrão (sem PDF)
2026-09-11;setembro;MESPACK B;1320;padrão (sem PDF)
2026-09-11;setembro;MESPACK C;1320;padrão (sem PDF)
2026-09-11;setembro;MESPACK D;1320;padrão (sem PDF)
2026-09-11;setembro;MESPACK E;1320;padrão (sem PDF)
2026-09-11;setembro;MESPACK F;1320;padrão (sem PDF)
2026-09-11;setembro;MESPACK R1;1320;padrão (sem PDF)
2026-09-11;setembro;MESPACK R2;1320;padrão (sem PDF)
2026-09-11;setembro;ENCHEDEIRA TOP DOWN;1320;padrão (sem PDF)
2026-09-11;setembro;ENCHEDEIRA COPO/LATA;1320;padrão (sem PDF)
2026-09-11;setembro;60L1;1320;padrão (sem PDF)
2026-09-11;setembro;60L2;1320;padrão (sem PDF)
2026-09-11;setembro;CONDOR;1320;padrão (sem PDF)
2026-09-11;setembro;ENCAIXOTAMENTO VEGETAIS;1320;padrão (sem PDF)
2026-09-12;setembro;MESPACK A;1320;padrão (sem PDF)
2026-09-12;setembro;MESPACK B;1320;padrão (sem PDF)
2026-09-12;setembro;MESPACK C;1320;padrão (sem PDF)
2026-09-12;setembro;MESPACK D;1320;padrão (sem PDF)
2026-09-12;setembro;MESPACK E;1320;padrão (sem PDF)
2026-09-12;setembro;MESPACK F;1320;padrão (sem PDF)
2026-09-12;setembro;MESPACK R1;1320;padrão (sem PDF)
2026-09-12;setembro;MESPACK R2;1320;padrão (sem PDF)
2026-09-12;setembro;ENCHEDEIRA TOP DOWN;1320;padrão (sem PDF)
2026-09-12;setembro;ENCHEDEIRA COPO/LATA;1320;padrão (sem PDF)
2026-09-12;setembro;60L1;1320;padrão (sem PDF)
2026-09-12;setembro;60L2;1320;padrão (sem PDF)
2026-09-12;setembro;CONDOR;1320;padrão (sem PDF)
2026-09-12;setembro;ENCAIXOTAMENTO VEGETAIS;1320;padrão (sem PDF)
2026-09-13;setembro;MESPACK A;1320;padrão (sem PDF)
2026-09-13;setembro;MESPACK B;1320;padrão (sem PDF)
2026-09-13;setembro;MESPACK C;1320;padrão (sem PDF)
2026-09-13;setembro;MESPACK D;1320;padrão (sem PDF)
2026-09-13;setembro;MESPACK E;1320;padrão (sem PDF)
2026-09-13;setembro;MESPACK F;1320;padrão (sem PDF)
2026-09-13;setembro;MESPACK R1;1320;padrão (sem PDF)
2026-09-13;setembro;MESPACK R2;1320;padrão (sem PDF)
2026-09-13;setembro;ENCHEDEIRA TOP DOWN;1320;padrão (sem PDF)
2026-09-13;setembro;ENCHEDEIRA COPO/LATA;1320;padrão (sem PDF)
2026-09-13;setembro;60L1;1320;padrão (sem PDF)
2026-09-13;setembro;60L2;1320;padrão (sem PDF)
2026-09-13;setembro;CONDOR;1320;padrão (sem PDF)
2026-09-13;setembro;ENCAIXOTAMENTO VEGETAIS;1320;padrão (sem PDF)
2026-09-14;setembro;MESPACK A;1320;padrão (sem PDF)
2026-09-14;setembro;MESPACK B;1320;padrão (sem PDF)
2026-09-14;setembro;MESPACK C;1320;padrão (sem PDF)
2026-09-14;setembro;MESPACK D;1320;padrão (sem PDF)
2026-09-14;setembro;MESPACK E;1320;padrão (sem PDF)
2026-09-14;setembro;MESPACK F;1320;padrão (sem PDF)
2026-09-14;setembro;MESPACK R1;1320;padrão (sem PDF)
2026-09-14;setembro;MESPACK R2;1320;padrão (sem PDF)
2026-09-14;setembro;ENCHEDEIRA TOP DOWN;1320;padrão (sem PDF)
2026-09-14;setembro;ENCHEDEIRA COPO/LATA;1320;padrão (sem PDF)
2026-09-14;setembro;60L1;1320;padrão (sem PDF)
2026-09-14;setembro;60L2;1320;padrão (sem PDF)
2026-09-14;setembro;CONDOR;1320;padrão (sem PDF)
2026-09-14;setembro;ENCAIXOTAMENTO VEGETAIS;1320;padrão (sem PDF)
2026-09-15;setembro;MESPACK A;1320;padrão (sem PDF)
2026-09-15;setembro;MESPACK B;1320;padrão (sem PDF)
2026-09-15;setembro;MESPACK C;1320;padrão (sem PDF)
2026-09-15;setembro;MESPACK D;1320;padrão (sem PDF)
2026-09-15;setembro;MESPACK E;1320;padrão (sem PDF)
2026-09-15;setembro;MESPACK F;1320;padrão (sem PDF)
2026-09-15;setembro;MESPACK R1;1320;padrão (sem PDF)
2026-09-15;setembro;MESPACK R2;1320;padrão (sem PDF)
2026-09-15;setembro;ENCHEDEIRA TOP DOWN;1320;padrão (sem PDF)
2026-09-15;setembro;ENCHEDEIRA COPO/LATA;1320;padrão (sem PDF)
2026-09-15;setembro;60L1;1320;padrão (sem PDF)
2026-09-15;setembro;60L2;1320;padrão (sem PDF)
2026-09-15;setembro;CONDOR;1320;padrão (sem PDF)
2026-09-15;setembro;ENCAIXOTAMENTO VEGETAIS;1320;padrão (sem PDF)
2026-09-16;setembro;MESPACK A;1320;padrão (sem PDF)
2026-09-16;setembro;MESPACK B;1320;padrão (sem PDF)
2026-09-16;setembro;MESPACK C;1320;padrão (sem PDF)
2026-09-16;setembro;MESPACK D;1320;padrão (sem PDF)
2026-09-16;setembro;MESPACK E;1320;padrão (sem PDF)
2026-09-16;setembro;MESPACK F;1320;padrão (sem PDF)
2026-09-16;setembro;MESPACK R1;1320;padrão (sem PDF)
2026-09-16;setembro;MESPACK R2;1320;padrão (sem PDF)
2026-09-16;setembro;ENCHEDEIRA TOP DOWN;1320;padrão (sem PDF)
2026-09-16;setembro;ENCHEDEIRA COPO/LATA;1320;padrão (sem PDF)
2026-09-16;setembro;60L1;1320;padrão (sem PDF)
2026-09-16;setembro;60L2;1320;padrão (sem PDF)
2026-09-16;setembro;CONDOR;1320;padrão (sem PDF)
2026-09-16;setembro;ENCAIXOTAMENTO VEGETAIS;1320;padrão (sem PDF)
2026-09-17;setembro;MESPACK A;1320;padrão (sem PDF)
2026-09-17;setembro;MESPACK B;1320;padrão (sem PDF)
2026-09-17;setembro;MESPACK C;1320;padrão (sem PDF)
2026-09-17;setembro;MESPACK D;1320;padrão (sem PDF)
2026-09-17;setembro;MESPACK E;1320;padrão (sem PDF)
2026-09-17;setembro;MESPACK F;1320;padrão (sem PDF)
2026-09-17;setembro;MESPACK R1;1320;padrão (sem PDF)
2026-09-17;setembro;MESPACK R2;1320;padrão (sem PDF)
2026-09-17;setembro;ENCHEDEIRA TOP DOWN;1320;padrão (sem PDF)
2026-09-17;setembro;ENCHEDEIRA COPO/LATA;1320;padrão (sem PDF)
2026-09-17;setembro;60L1;1320;padrão (sem PDF)
2026-09-17;setembro;60L2;1320;padrão (sem PDF)
2026-09-17;setembro;CONDOR;1320;padrão (sem PDF)
2026-09-17;setembro;ENCAIXOTAMENTO VEGETAIS;1320;padrão (sem PDF)
2026-09-18;setembro;MESPACK A;1320;padrão (sem PDF)
2026-09-18;setembro;MESPACK B;1320;padrão (sem PDF)
2026-09-18;setembro;MESPACK C;1320;padrão (sem PDF)
2026-09-18;setembro;MESPACK D;1320;padrão (sem PDF)
2026-09-18;setembro;MESPACK E;1320;padrão (sem PDF)
2026-09-18;setembro;MESPACK F;1320;padrão (sem PDF)
2026-09-18;setembro;MESPACK R1;1320;padrão (sem PDF)
2026-09-18;setembro;MESPACK R2;1320;padrão (sem PDF)
2026-09-18;setembro;ENCHEDEIRA TOP DOWN;1320;padrão (sem PDF)
2026-09-18;setembro;ENCHEDEIRA COPO/LATA;1320;padrão (sem PDF)
2026-09-18;setembro;60L1;1320;padrão (sem PDF)
2026-09-18;setembro;60L2;1320;padrão (sem PDF)
2026-09-18;setembro;CONDOR;1320;padrão (sem PDF)
2026-09-18;setembro;ENCAIXOTAMENTO VEGETAIS;1320;padrão (sem PDF)
2026-09-19;setembro;MESPACK A;1320;padrão (sem PDF)
2026-09-19;setembro;MESPACK B;1320;padrão (sem PDF)
2026-09-19;setembro;MESPACK C;1320;padrão (sem PDF)
2026-09-19;setembro;MESPACK D;1320;padrão (sem PDF)
2026-09-19;setembro;MESPACK E;1320;padrão (sem PDF)
2026-09-19;setembro;MESPACK F;1320;padrão (sem PDF)
2026-09-19;setembro;MESPACK R1;1320;padrão (sem PDF)
2026-09-19;setembro;MESPACK R2;1320;padrão (sem PDF)
2026-09-19;setembro;ENCHEDEIRA TOP DOWN;1320;padrão (sem PDF)
2026-09-19;setembro;ENCHEDEIRA COPO/LATA;1320;padrão (sem PDF)
2026-09-19;setembro;60L1;1320;padrão (sem PDF)
2026-09-19;setembro;60L2;1320;padrão (sem PDF)
2026-09-19;setembro;CONDOR;1320;padrão (sem PDF)
2026-09-19;setembro;ENCAIXOTAMENTO VEGETAIS;1320;padrão (sem PDF)
2026-09-20;setembro;MESPACK A;1320;padrão (sem PDF)
2026-09-20;setembro;MESPACK B;1320;padrão (sem PDF)
2026-09-20;setembro;MESPACK C;1320;padrão (sem PDF)
2026-09-20;setembro;MESPACK D;1320;padrão (sem PDF)
2026-09-20;setembro;MESPACK E;1320;padrão (sem PDF)
2026-09-20;setembro;MESPACK F;1320;padrão (sem PDF)
2026-09-20;setembro;MESPACK R1;1320;padrão (sem PDF)
2026-09-20;setembro;MESPACK R2;1320;padrão (sem PDF)
2026-09-20;setembro;ENCHEDEIRA TOP DOWN;1320;padrão (sem PDF)
2026-09-20;setembro;ENCHEDEIRA COPO/LATA;1320;padrão (sem PDF)
2026-09-20;setembro;60L1;1320;padrão (sem PDF)
2026-09-20;setembro;60L2;1320;padrão (sem PDF)
2026-09-20;setembro;CONDOR;1320;padrão (sem PDF)
2026-09-20;setembro;ENCAIXOTAMENTO VEGETAIS;1320;padrão (sem PDF)
2026-09-21;setembro;MESPACK A;1320;padrão (sem PDF)
2026-09-21;setembro;MESPACK B;1320;padrão (sem PDF)
2026-09-21;setembro;MESPACK C;1320;padrão (sem PDF)
2026-09-21;setembro;MESPACK D;1320;padrão (sem PDF)
2026-09-21;setembro;MESPACK E;1320;padrão (sem PDF)
2026-09-21;setembro;MESPACK F;1320;padrão (sem PDF)
2026-09-21;setembro;MESPACK R1;1320;padrão (sem PDF)
2026-09-21;setembro;MESPACK R2;1320;padrão (sem PDF)
2026-09-21;setembro;ENCHEDEIRA TOP DOWN;1320;padrão (sem PDF)
2026-09-21;setembro;ENCHEDEIRA COPO/LATA;1320;padrão (sem PDF)
2026-09-21;setembro;60L1;1320;padrão (sem PDF)
2026-09-21;setembro;60L2;1320;padrão (sem PDF)
2026-09-21;setembro;CONDOR;1320;padrão (sem PDF)
2026-09-21;setembro;ENCAIXOTAMENTO VEGETAIS;1320;padrão (sem PDF)
2026-09-22;setembro;MESPACK A;1320;padrão (sem PDF)
2026-09-22;setembro;MESPACK B;1320;padrão (sem PDF)
2026-09-22;setembro;MESPACK C;1320;padrão (sem PDF)
2026-09-22;setembro;MESPACK D;1320;padrão (sem PDF)
2026-09-22;setembro;MESPACK E;1320;padrão (sem PDF)
2026-09-22;setembro;MESPACK F;1320;padrão (sem PDF)
2026-09-22;setembro;MESPACK R1;1320;padrão (sem PDF)
2026-09-22;setembro;MESPACK R2;1320;padrão (sem PDF)
2026-09-22;setembro;ENCHEDEIRA TOP DOWN;1320;padrão (sem PDF)
2026-09-22;setembro;ENCHEDEIRA COPO/LATA;1320;padrão (sem PDF)
2026-09-22;setembro;60L1;1320;padrão (sem PDF)
2026-09-22;setembro;60L2;1320;padrão (sem PDF)
2026-09-22;setembro;CONDOR;1320;padrão (sem PDF)
2026-09-22;setembro;ENCAIXOTAMENTO VEGETAIS;1320;padrão (sem PDF)
2026-09-23;setembro;MESPACK A;1320;padrão (sem PDF)
2026-09-23;setembro;MESPACK B;1320;padrão (sem PDF)
2026-09-23;setembro;MESPACK C;1320;padrão (sem PDF)
2026-09-23;setembro;MESPACK D;1320;padrão (sem PDF)
2026-09-23;setembro;MESPACK E;1320;padrão (sem PDF)
2026-09-23;setembro;MESPACK F;1320;padrão (sem PDF)
2026-09-23;setembro;MESPACK R1;1320;padrão (sem PDF)
2026-09-23;setembro;MESPACK R2;1320;padrão (sem PDF)
2026-09-23;setembro;ENCHEDEIRA TOP DOWN;1320;padrão (sem PDF)
2026-09-23;setembro;ENCHEDEIRA COPO/LATA;1320;padrão (sem PDF)
2026-09-23;setembro;60L1;1320;padrão (sem PDF)
2026-09-23;setembro;60L2;1320;padrão (sem PDF)
2026-09-23;setembro;CONDOR;1320;padrão (sem PDF)
2026-09-23;setembro;ENCAIXOTAMENTO VEGETAIS;1320;padrão (sem PDF)
2026-09-24;setembro;MESPACK A;1320;padrão (sem PDF)
2026-09-24;setembro;MESPACK B;1320;padrão (sem PDF)
2026-09-24;setembro;MESPACK C;1320;padrão (sem PDF)
2026-09-24;setembro;MESPACK D;1320;padrão (sem PDF)
2026-09-24;setembro;MESPACK E;1320;padrão (sem PDF)
2026-09-24;setembro;MESPACK F;1320;padrão (sem PDF)
2026-09-24;setembro;MESPACK R1;1320;padrão (sem PDF)
2026-09-24;setembro;MESPACK R2;1320;padrão (sem PDF)
2026-09-24;setembro;ENCHEDEIRA TOP DOWN;1320;padrão (sem PDF)
2026-09-24;setembro;ENCHEDEIRA COPO/LATA;1320;padrão (sem PDF)
2026-09-24;setembro;60L1;1320;padrão (sem PDF)
2026-09-24;setembro;60L2;1320;padrão (sem PDF)
2026-09-24;setembro;CONDOR;1320;padrão (sem PDF)
2026-09-24;setembro;ENCAIXOTAMENTO VEGETAIS;1320;padrão (sem PDF)
2026-09-25;setembro;MESPACK A;1320;padrão (sem PDF)
2026-09-25;setembro;MESPACK B;1320;padrão (sem PDF)
2026-09-25;setembro;MESPACK C;1320;padrão (sem PDF)
2026-09-25;setembro;MESPACK D;1320;padrão (sem PDF)
2026-09-25;setembro;MESPACK E;1320;padrão (sem PDF)
2026-09-25;setembro;MESPACK F;1320;padrão (sem PDF)
2026-09-25;setembro;MESPACK R1;1320;padrão (sem PDF)
2026-09-25;setembro;MESPACK R2;1320;padrão (sem PDF)
2026-09-25;setembro;ENCHEDEIRA TOP DOWN;1320;padrão (sem PDF)
2026-09-25;setembro;ENCHEDEIRA COPO/LATA;1320;padrão (sem PDF)
2026-09-25;setembro;60L1;1320;padrão (sem PDF)
2026-09-25;setembro;60L2;1320;padrão (sem PDF)
2026-09-25;setembro;CONDOR;1320;padrão (sem PDF)
2026-09-25;setembro;ENCAIXOTAMENTO VEGETAIS;1320;padrão (sem PDF)
2026-09-26;setembro;MESPACK A;1320;padrão (sem PDF)
2026-09-26;setembro;MESPACK B;1320;padrão (sem PDF)
2026-09-26;setembro;MESPACK C;1320;padrão (sem PDF)
2026-09-26;setembro;MESPACK D;1320;padrão (sem PDF)
2026-09-26;setembro;MESPACK E;1320;padrão (sem PDF)
2026-09-26;setembro;MESPACK F;1320;padrão (sem PDF)
2026-09-26;setembro;MESPACK R1;1320;padrão (sem PDF)
2026-09-26;setembro;MESPACK R2;1320;padrão (sem PDF)
2026-09-26;setembro;ENCHEDEIRA TOP DOWN;1320;padrão (sem PDF)
2026-09-26;setembro;ENCHEDEIRA COPO/LATA;1320;padrão (sem PDF)
2026-09-26;setembro;60L1;1320;padrão (sem PDF)
2026-09-26;setembro;60L2;1320;padrão (sem PDF)
2026-09-26;setembro;CONDOR;1320;padrão (sem PDF)
2026-09-26;setembro;ENCAIXOTAMENTO VEGETAIS;1320;padrão (sem PDF)
2026-09-27;setembro;MESPACK A;1320;padrão (sem PDF)
2026-09-27;setembro;MESPACK B;1320;padrão (sem PDF)
2026-09-27;setembro;MESPACK C;1320;padrão (sem PDF)
2026-09-27;setembro;MESPACK D;1320;padrão (sem PDF)
2026-09-27;setembro;MESPACK E;1320;padrão (sem PDF)
2026-09-27;setembro;MESPACK F;1320;padrão (sem PDF)
2026-09-27;setembro;MESPACK R1;1320;padrão (sem PDF)
2026-09-27;setembro;MESPACK R2;1320;padrão (sem PDF)
2026-09-27;setembro;ENCHEDEIRA TOP DOWN;1320;padrão (sem PDF)
2026-09-27;setembro;ENCHEDEIRA COPO/LATA;1320;padrão (sem PDF)
2026-09-27;setembro;60L1;1320;padrão (sem PDF)
2026-09-27;setembro;60L2;1320;padrão (sem PDF)
2026-09-27;setembro;CONDOR;1320;padrão (sem PDF)
2026-09-27;setembro;ENCAIXOTAMENTO VEGETAIS;1320;padrão (sem PDF)
2026-09-28;setembro;MESPACK A;1320;padrão (sem PDF)
2026-09-28;setembro;MESPACK B;1320;padrão (sem PDF)
2026-09-28;setembro;MESPACK C;1320;padrão (sem PDF)
2026-09-28;setembro;MESPACK D;1320;padrão (sem PDF)
2026-09-28;setembro;MESPACK E;1320;padrão (sem PDF)
2026-09-28;setembro;MESPACK F;1320;padrão (sem PDF)
2026-09-28;setembro;MESPACK R1;1320;padrão (sem PDF)
2026-09-28;setembro;MESPACK R2;1320;padrão (sem PDF)
2026-09-28;setembro;ENCHEDEIRA TOP DOWN;1320;padrão (sem PDF)
2026-09-28;setembro;ENCHEDEIRA COPO/LATA;1320;padrão (sem PDF)
2026-09-28;setembro;60L1;1320;padrão (sem PDF)
2026-09-28;setembro;60L2;1320;padrão (sem PDF)
2026-09-28;setembro;CONDOR;1320;padrão (sem PDF)
2026-09-28;setembro;ENCAIXOTAMENTO VEGETAIS;1320;padrão (sem PDF)
2026-09-29;setembro;MESPACK A;1320;padrão (sem PDF)
2026-09-29;setembro;MESPACK B;1320;padrão (sem PDF)
2026-09-29;setembro;MESPACK C;1320;padrão (sem PDF)
2026-09-29;setembro;MESPACK D;1320;padrão (sem PDF)
2026-09-29;setembro;MESPACK E;1320;padrão (sem PDF)
2026-09-29;setembro;MESPACK F;1320;padrão (sem PDF)
2026-09-29;setembro;MESPACK R1;1320;padrão (sem PDF)
2026-09-29;setembro;MESPACK R2;1320;padrão (sem PDF)
2026-09-29;setembro;ENCHEDEIRA TOP DOWN;1320;padrão (sem PDF)
2026-09-29;setembro;ENCHEDEIRA COPO/LATA;1320;padrão (sem PDF)
2026-09-29;setembro;60L1;1320;padrão (sem PDF)
2026-09-29;setembro;60L2;1320;padrão (sem PDF)
2026-09-29;setembro;CONDOR;1320;padrão (sem PDF)
2026-09-29;setembro;ENCAIXOTAMENTO VEGETAIS;1320;padrão (sem PDF)
2026-09-30;setembro;MESPACK A;1440;programação PCP
2026-09-30;setembro;MESPACK B;1440;programação PCP
2026-09-30;setembro;MESPACK C;1320;CONFERIR: falha sem programação
2026-09-30;setembro;MESPACK D;1320;CONFERIR: falha sem programação
2026-09-30;setembro;MESPACK E;1400;programação PCP
2026-09-30;setembro;MESPACK F;1400;programação PCP
2026-09-30;setembro;MESPACK R1;1319;programação PCP
2026-09-30;setembro;MESPACK R2;1319;programação PCP
2026-09-30;setembro;ENCHEDEIRA TOP DOWN;1200;programação PCP
2026-09-30;setembro;ENCHEDEIRA COPO/LATA;0;não programada
2026-09-30;setembro;60L1;1435;programação PCP
2026-09-30;setembro;60L2;1435;programação PCP
2026-09-30;setembro;CONDOR;0;não programada
2026-09-30;setembro;ENCAIXOTAMENTO VEGETAIS;1320;padrão (máquina fora do PDF)
2026-10-01;outubro;MESPACK A;1200;programação PCP
2026-10-01;outubro;MESPACK B;1200;programação PCP
2026-10-01;outubro;MESPACK C;1410;programação PCP
2026-10-01;outubro;MESPACK D;1410;programação PCP
2026-10-01;outubro;MESPACK E;1200;programação PCP
2026-10-01;outubro;MESPACK F;1200;programação PCP
2026-10-01;outubro;MESPACK R1;1319;programação PCP
2026-10-01;outubro;MESPACK R2;1319;programação PCP
2026-10-01;outubro;ENCHEDEIRA TOP DOWN;1200;programação PCP
2026-10-01;outubro;ENCHEDEIRA COPO/LATA;0;não programada
2026-10-01;outubro;60L1;1410;programação PCP
2026-10-01;outubro;60L2;1410;programação PCP
2026-10-01;outubro;CONDOR;0;não programada
2026-10-01;outubro;ENCAIXOTAMENTO VEGETAIS;1320;padrão (máquina fora do PDF)
